"","YEAR","LocationAbbr","LocationDesc","TopicType","TopicDesc","MeasureDesc","DataSource","Response","Data_Value_Unit","Data_Value_Type","Data_Value","Data_Value_Footnote_Symbol","Data_Value_Footnote","Data_Value_Std_Err","Low_Confidence_Limit","High_Confidence_Limit","Sample_Size","Gender","Race","Age","Education","GeoLocation","TopicTypeId","TopicId","MeasureId","StratificationID1","StratificationID2","StratificationID3","StratificationID4","SubMeasureID","DisplayOrder"
"1073","2015","AL","Alabama","Tobacco Use – Survey Data","Cigarette Use (Adults)","Current Smoking","BRFSS","","%","Percentage",21.4,"","",0.7,20,22.8,7653,"Overall","All Races","All Ages","All Grades","(32.84057112200048, -86.63186076199969)","BEH","100BEH","110CSA","1GEN","8AGE","6RAC","6EDU","BRF20",20
"1108","2015","AK","Alaska","Tobacco Use – Survey Data","Cigarette Use (Adults)","Current Smoking","BRFSS","","%","Percentage",19.1,"","",1.1,17,21.2,3551,"Overall","All Races","All Ages","All Grades","(64.84507995700051, -147.72205903599973)","BEH","100BEH","110CSA","1GEN","8AGE","6RAC","6EDU","BRF20",20
"1146","2015","AZ","Arizona","Tobacco Use – Survey Data","Cigarette Use (Adults)","Current Smoking","BRFSS","","%","Percentage",14,"","",0.6,12.8,15.2,7598,"Overall","All Races","All Ages","All Grades","(34.865970280000454, -111.76381127699972)","BEH","100BEH","110CSA","1GEN","8AGE","6RAC","6EDU","BRF20",20
"1186","2015","AR","Arkansas","Tobacco Use – Survey Data","Cigarette Use (Adults)","Current Smoking","BRFSS","","%","Percentage",24.9,"","",1.2,22.6,27.2,5042,"Overall","All Races","All Ages","All Grades","(34.74865012400045, -92.27449074299966)","BEH","100BEH","110CSA","1GEN","8AGE","6RAC","6EDU","BRF20",20
"1226","2015","CA","California","Tobacco Use – Survey Data","Cigarette Use (Adults)","Current Smoking","BRFSS","","%","Percentage",11.7,"","",0.4,11,12.4,11368,"Overall","All Races","All Ages","All Grades","(37.63864012300047, -120.99999953799971)","BEH","100BEH","110CSA","1GEN","8AGE","6RAC","6EDU","BRF20",20
"1267","2015","CO","Colorado","Tobacco Use – Survey Data","Cigarette Use (Adults)","Current Smoking","BRFSS","","%","Percentage",15.6,"","",0.5,14.5,16.7,12355,"Overall","All Races","All Ages","All Grades","(38.843840757000464, -106.13361092099967)","BEH","100BEH","110CSA","1GEN","8AGE","6RAC","6EDU","BRF20",20
"1307","2015","CT","Connecticut","Tobacco Use – Survey Data","Cigarette Use (Adults)","Current Smoking","BRFSS","","%","Percentage",13.5,"","",0.5,12.5,14.5,11293,"Overall","All Races","All Ages","All Grades","(41.56266102000046, -72.64984095199964)","BEH","100BEH","110CSA","1GEN","8AGE","6RAC","6EDU","BRF20",20
"1347","2015","DE","Delaware","Tobacco Use – Survey Data","Cigarette Use (Adults)","Current Smoking","BRFSS","","%","Percentage",17.4,"","",0.9,15.6,19.2,3931,"Overall","All Races","All Ages","All Grades","(39.008830667000495, -75.57774116799965)","BEH","100BEH","110CSA","1GEN","8AGE","6RAC","6EDU","BRF20",20
"1387","2015","DC","District of Columbia","Tobacco Use – Survey Data","Cigarette Use (Adults)","Current Smoking","BRFSS","","%","Percentage",16,"","",1.2,13.6,18.4,3782,"Overall","All Races","All Ages","All Grades","(38.89037138500049, -77.03196112699965)","BEH","100BEH","110CSA","1GEN","8AGE","6RAC","6EDU","BRF20",20
"1428","2015","FL","Florida","Tobacco Use – Survey Data","Cigarette Use (Adults)","Current Smoking","BRFSS","","%","Percentage",15.8,"","",0.6,14.7,16.9,9253,"Overall","All Races","All Ages","All Grades","(28.932040377000476, -81.92896053899966)","BEH","100BEH","110CSA","1GEN","8AGE","6RAC","6EDU","BRF20",20
"1467","2015","GA","Georgia","Tobacco Use – Survey Data","Cigarette Use (Adults)","Current Smoking","BRFSS","","%","Percentage",17.7,"","",0.8,16.1,19.3,4362,"Overall","All Races","All Ages","All Grades","(32.83968109300048, -83.62758034599966)","BEH","100BEH","110CSA","1GEN","8AGE","6RAC","6EDU","BRF20",20
"1507","2015","GU","Guam","Tobacco Use – Survey Data","Cigarette Use (Adults)","Current Smoking","BRFSS","","%","Percentage",27.4,"","",1.8,23.9,30.9,1605,"Overall","All Races","All Ages","All Grades","(13.444304, 144.793731)","BEH","100BEH","110CSA","1GEN","8AGE","6RAC","6EDU","BRF20",20
"1547","2015","HI","Hawaii","Tobacco Use – Survey Data","Cigarette Use (Adults)","Current Smoking","BRFSS","","%","Percentage",14.1,"","",0.6,12.8,15.4,6892,"Overall","All Races","All Ages","All Grades","(21.304850435000446, -157.85774940299973)","BEH","100BEH","110CSA","1GEN","8AGE","6RAC","6EDU","BRF20",20
"1587","2015","ID","Idaho","Tobacco Use – Survey Data","Cigarette Use (Adults)","Current Smoking","BRFSS","","%","Percentage",13.8,"","",0.7,12.5,15.1,5617,"Overall","All Races","All Ages","All Grades","(43.682630005000476, -114.3637300419997)","BEH","100BEH","110CSA","1GEN","8AGE","6RAC","6EDU","BRF20",20
"1628","2015","IL","Illinois","Tobacco Use – Survey Data","Cigarette Use (Adults)","Current Smoking","BRFSS","","%","Percentage",15.1,"","",0.7,13.8,16.4,5137,"Overall","All Races","All Ages","All Grades","(40.48501028300046, -88.99771017799969)","BEH","100BEH","110CSA","1GEN","8AGE","6RAC","6EDU","BRF20",20
"1668","2015","IN","Indiana","Tobacco Use – Survey Data","Cigarette Use (Adults)","Current Smoking","BRFSS","","%","Percentage",20.6,"","",0.9,18.9,22.3,5846,"Overall","All Races","All Ages","All Grades","(39.766910452000445, -86.14996019399968)","BEH","100BEH","110CSA","1GEN","8AGE","6RAC","6EDU","BRF20",20
"1708","2015","IA","Iowa","Tobacco Use – Survey Data","Cigarette Use (Adults)","Current Smoking","BRFSS","","%","Percentage",18.1,"","",0.7,16.7,19.5,6021,"Overall","All Races","All Ages","All Grades","(42.46940091300047, -93.81649055599968)","BEH","100BEH","110CSA","1GEN","8AGE","6RAC","6EDU","BRF20",20
"1748","2015","KS","Kansas","Tobacco Use – Survey Data","Cigarette Use (Adults)","Current Smoking","BRFSS","","%","Percentage",17.7,"","",0.3,17,18.4,22055,"Overall","All Races","All Ages","All Grades","(38.34774030000045, -98.20078122699965)","BEH","100BEH","110CSA","1GEN","8AGE","6RAC","6EDU","BRF20",20
"1789","2015","KY","Kentucky","Tobacco Use – Survey Data","Cigarette Use (Adults)","Current Smoking","BRFSS","","%","Percentage",25.9,"","",0.9,24.2,27.6,8536,"Overall","All Races","All Ages","All Grades","(37.645970271000465, -84.77497104799966)","BEH","100BEH","110CSA","1GEN","8AGE","6RAC","6EDU","BRF20",20
"1829","2015","LA","Louisiana","Tobacco Use – Survey Data","Cigarette Use (Adults)","Current Smoking","BRFSS","","%","Percentage",21.9,"","",0.9,20.2,23.6,4483,"Overall","All Races","All Ages","All Grades","(31.31266064400046, -92.44568007099969)","BEH","100BEH","110CSA","1GEN","8AGE","6RAC","6EDU","BRF20",20
"1869","2015","ME","Maine","Tobacco Use – Survey Data","Cigarette Use (Adults)","Current Smoking","BRFSS","","%","Percentage",19.5,"","",0.7,18.1,20.9,8826,"Overall","All Races","All Ages","All Grades","(45.254228894000505, -68.98503133599962)","BEH","100BEH","110CSA","1GEN","8AGE","6RAC","6EDU","BRF20",20
"1909","2015","MD","Maryland","Tobacco Use – Survey Data","Cigarette Use (Adults)","Current Smoking","BRFSS","","%","Percentage",15.1,"","",0.8,13.6,16.6,12019,"Overall","All Races","All Ages","All Grades","(39.29058096400047, -76.60926011099963)","BEH","100BEH","110CSA","1GEN","8AGE","6RAC","6EDU","BRF20",20
"1949","2015","MA","Massachusetts","Tobacco Use – Survey Data","Cigarette Use (Adults)","Current Smoking","BRFSS","","%","Percentage",14,"","",0.5,13,15,8741,"Overall","All Races","All Ages","All Grades","(42.27687047000046, -72.08269067499964)","BEH","100BEH","110CSA","1GEN","8AGE","6RAC","6EDU","BRF20",20
"1989","2015","MI","Michigan","Tobacco Use – Survey Data","Cigarette Use (Adults)","Current Smoking","BRFSS","","%","Percentage",20.7,"","",0.6,19.5,21.9,8652,"Overall","All Races","All Ages","All Grades","(44.6613195430005, -84.71439026999968)","BEH","100BEH","110CSA","1GEN","8AGE","6RAC","6EDU","BRF20",20
"2029","2015","MN","Minnesota","Tobacco Use – Survey Data","Cigarette Use (Adults)","Current Smoking","BRFSS","","%","Percentage",16.2,"","",0.4,15.4,17,16327,"Overall","All Races","All Ages","All Grades","(46.35564873600049, -94.79420050299967)","BEH","100BEH","110CSA","1GEN","8AGE","6RAC","6EDU","BRF20",20
"2069","2015","MS","Mississippi","Tobacco Use – Survey Data","Cigarette Use (Adults)","Current Smoking","BRFSS","","%","Percentage",22.5,"","",0.9,20.8,24.2,5855,"Overall","All Races","All Ages","All Grades","(32.745510099000455, -89.53803082499968)","BEH","100BEH","110CSA","1GEN","8AGE","6RAC","6EDU","BRF20",20
"2109","2015","MO","Missouri","Tobacco Use – Survey Data","Cigarette Use (Adults)","Current Smoking","BRFSS","","%","Percentage",22.3,"","",0.8,20.8,23.8,7131,"Overall","All Races","All Ages","All Grades","(38.635790776000476, -92.56630005299968)","BEH","100BEH","110CSA","1GEN","8AGE","6RAC","6EDU","BRF20",20
"2149","2015","MT","Montana","Tobacco Use – Survey Data","Cigarette Use (Adults)","Current Smoking","BRFSS","","%","Percentage",18.9,"","",0.8,17.3,20.5,5898,"Overall","All Races","All Ages","All Grades","(47.06652897200047, -109.42442064499971)","BEH","100BEH","110CSA","1GEN","8AGE","6RAC","6EDU","BRF20",20
"2192","2015","NE","Nebraska","Tobacco Use – Survey Data","Cigarette Use (Adults)","Current Smoking","BRFSS","","%","Percentage",17.1,"","",0.5,16.2,18,17079,"Overall","All Races","All Ages","All Grades","(41.6410409880005, -99.36572062299967)","BEH","100BEH","110CSA","1GEN","8AGE","6RAC","6EDU","BRF20",20
"2232","2015","NV","Nevada","Tobacco Use – Survey Data","Cigarette Use (Adults)","Current Smoking","BRFSS","","%","Percentage",17.5,"","",1.2,15.2,19.8,2851,"Overall","All Races","All Ages","All Grades","(39.493240390000494, -117.07184056399967)","BEH","100BEH","110CSA","1GEN","8AGE","6RAC","6EDU","BRF20",20
"2272","2015","NH","New Hampshire","Tobacco Use – Survey Data","Cigarette Use (Adults)","Current Smoking","BRFSS","","%","Percentage",15.9,"","",0.7,14.6,17.2,6766,"Overall","All Races","All Ages","All Grades","(43.65595011300047, -71.50036091999965)","BEH","100BEH","110CSA","1GEN","8AGE","6RAC","6EDU","BRF20",20
"2312","2015","NJ","New Jersey","Tobacco Use – Survey Data","Cigarette Use (Adults)","Current Smoking","BRFSS","","%","Percentage",13.5,"","",0.5,12.5,14.5,10959,"Overall","All Races","All Ages","All Grades","(40.13057004800049, -74.27369128799967)","BEH","100BEH","110CSA","1GEN","8AGE","6RAC","6EDU","BRF20",20
"2353","2015","NM","New Mexico","Tobacco Use – Survey Data","Cigarette Use (Adults)","Current Smoking","BRFSS","","%","Percentage",17.5,"","",0.8,16,19,6447,"Overall","All Races","All Ages","All Grades","(34.52088095200048, -106.24058098499967)","BEH","100BEH","110CSA","1GEN","8AGE","6RAC","6EDU","BRF20",20
"2393","2015","NY","New York","Tobacco Use – Survey Data","Cigarette Use (Adults)","Current Smoking","BRFSS","","%","Percentage",15.2,"","",0.5,14.3,16.1,11683,"Overall","All Races","All Ages","All Grades","(42.82700103200045, -75.54397042699964)","BEH","100BEH","110CSA","1GEN","8AGE","6RAC","6EDU","BRF20",20
"2433","2015","NC","North Carolina","Tobacco Use – Survey Data","Cigarette Use (Adults)","Current Smoking","BRFSS","","%","Percentage",19,"","",0.6,17.8,20.2,6499,"Overall","All Races","All Ages","All Grades","(35.466220975000454, -79.15925046299964)","BEH","100BEH","110CSA","1GEN","8AGE","6RAC","6EDU","BRF20",20
"2473","2015","ND","North Dakota","Tobacco Use – Survey Data","Cigarette Use (Adults)","Current Smoking","BRFSS","","%","Percentage",18.7,"","",0.8,17.1,20.3,4823,"Overall","All Races","All Ages","All Grades","(47.47531977900047, -100.11842104899966)","BEH","100BEH","110CSA","1GEN","8AGE","6RAC","6EDU","BRF20",20
"2513","2015","OH","Ohio","Tobacco Use – Survey Data","Cigarette Use (Adults)","Current Smoking","BRFSS","","%","Percentage",21.6,"","",0.7,20.2,23,11522,"Overall","All Races","All Ages","All Grades","(40.06021014100048, -82.40426005599966)","BEH","100BEH","110CSA","1GEN","8AGE","6RAC","6EDU","BRF20",20
"2550","2015","OK","Oklahoma","Tobacco Use – Survey Data","Cigarette Use (Adults)","Current Smoking","BRFSS","","%","Percentage",22.2,"","",0.8,20.6,23.8,6753,"Overall","All Races","All Ages","All Grades","(35.47203135600046, -97.52107021399968)","BEH","100BEH","110CSA","1GEN","8AGE","6RAC","6EDU","BRF20",20
"2590","2015","OR","Oregon","Tobacco Use – Survey Data","Cigarette Use (Adults)","Current Smoking","BRFSS","","%","Percentage",17.1,"","",0.7,15.7,18.5,5119,"Overall","All Races","All Ages","All Grades","(44.56744942400047, -120.15503132599969)","BEH","100BEH","110CSA","1GEN","8AGE","6RAC","6EDU","BRF20",20
"2630","2015","PA","Pennsylvania","Tobacco Use – Survey Data","Cigarette Use (Adults)","Current Smoking","BRFSS","","%","Percentage",18.1,"","",0.7,16.7,19.5,5531,"Overall","All Races","All Ages","All Grades","(40.79373015200048, -77.86070029399963)","BEH","100BEH","110CSA","1GEN","8AGE","6RAC","6EDU","BRF20",20
"2670","2015","PR","Puerto Rico","Tobacco Use – Survey Data","Cigarette Use (Adults)","Current Smoking","BRFSS","","%","Percentage",10.7,"","",0.6,9.6,11.8,5331,"Overall","All Races","All Ages","All Grades","(18.220833, -66.590149)","BEH","100BEH","110CSA","1GEN","8AGE","6RAC","6EDU","BRF20",20
"2710","2015","RI","Rhode Island","Tobacco Use – Survey Data","Cigarette Use (Adults)","Current Smoking","BRFSS","","%","Percentage",15.5,"","",0.8,14,17,5919,"Overall","All Races","All Ages","All Grades","(41.70828019300046, -71.52247031399963)","BEH","100BEH","110CSA","1GEN","8AGE","6RAC","6EDU","BRF20",20
"2750","2015","SC","South Carolina","Tobacco Use – Survey Data","Cigarette Use (Adults)","Current Smoking","BRFSS","","%","Percentage",19.7,"","",0.6,18.6,20.8,11226,"Overall","All Races","All Ages","All Grades","(33.998821303000454, -81.04537120699968)","BEH","100BEH","110CSA","1GEN","8AGE","6RAC","6EDU","BRF20",20
"2790","2015","SD","South Dakota","Tobacco Use – Survey Data","Cigarette Use (Adults)","Current Smoking","BRFSS","","%","Percentage",20.1,"","",0.9,18.3,21.9,7078,"Overall","All Races","All Ages","All Grades","(44.353130053000484, -100.3735306369997)","BEH","100BEH","110CSA","1GEN","8AGE","6RAC","6EDU","BRF20",20
"2830","2015","TN","Tennessee","Tobacco Use – Survey Data","Cigarette Use (Adults)","Current Smoking","BRFSS","","%","Percentage",21.9,"","",0.9,20.2,23.6,5709,"Overall","All Races","All Ages","All Grades","(35.68094058000048, -85.77449091399967)","BEH","100BEH","110CSA","1GEN","8AGE","6RAC","6EDU","BRF20",20
"2871","2015","TX","Texas","Tobacco Use – Survey Data","Cigarette Use (Adults)","Current Smoking","BRFSS","","%","Percentage",15.2,"","",0.6,14.1,16.3,13916,"Overall","All Races","All Ages","All Grades","(31.827240407000488, -99.42677020599967)","BEH","100BEH","110CSA","1GEN","8AGE","6RAC","6EDU","BRF20",20
"2909","2015","UT","Utah","Tobacco Use – Survey Data","Cigarette Use (Adults)","Current Smoking","BRFSS","","%","Percentage",9.1,"","",0.4,8.4,9.8,11030,"Overall","All Races","All Ages","All Grades","(39.360700171000474, -111.58713063499971)","BEH","100BEH","110CSA","1GEN","8AGE","6RAC","6EDU","BRF20",20
"2949","2015","VT","Vermont","Tobacco Use – Survey Data","Cigarette Use (Adults)","Current Smoking","BRFSS","","%","Percentage",16,"","",0.6,14.8,17.2,6289,"Overall","All Races","All Ages","All Grades","(43.62538123900049, -72.51764079099962)","BEH","100BEH","110CSA","1GEN","8AGE","6RAC","6EDU","BRF20",20
"2989","2015","VA","Virginia","Tobacco Use – Survey Data","Cigarette Use (Adults)","Current Smoking","BRFSS","","%","Percentage",16.5,"","",0.6,15.4,17.6,8371,"Overall","All Races","All Ages","All Grades","(37.54268067400045, -78.45789046299967)","BEH","100BEH","110CSA","1GEN","8AGE","6RAC","6EDU","BRF20",20
"3029","2015","WA","Washington","Tobacco Use – Survey Data","Cigarette Use (Adults)","Current Smoking","BRFSS","","%","Percentage",15,"","",0.4,14.1,15.9,15561,"Overall","All Races","All Ages","All Grades","(47.52227862900048, -120.47001078999972)","BEH","100BEH","110CSA","1GEN","8AGE","6RAC","6EDU","BRF20",20
"3069","2015","WV","West Virginia","Tobacco Use – Survey Data","Cigarette Use (Adults)","Current Smoking","BRFSS","","%","Percentage",25.7,"","",0.7,24.3,27.1,5833,"Overall","All Races","All Ages","All Grades","(38.66551020200046, -80.71264013499967)","BEH","100BEH","110CSA","1GEN","8AGE","6RAC","6EDU","BRF20",20
"3109","2015","WI","Wisconsin","Tobacco Use – Survey Data","Cigarette Use (Adults)","Current Smoking","BRFSS","","%","Percentage",17.3,"","",0.7,15.9,18.7,5962,"Overall","All Races","All Ages","All Grades","(44.39319117400049, -89.81637074199966)","BEH","100BEH","110CSA","1GEN","8AGE","6RAC","6EDU","BRF20",20
"3149","2015","WY","Wyoming","Tobacco Use – Survey Data","Cigarette Use (Adults)","Current Smoking","BRFSS","","%","Percentage",19.1,"","",0.9,17.3,20.9,5281,"Overall","All Races","All Ages","All Grades","(43.23554134300048, -108.10983035299967)","BEH","100BEH","110CSA","1GEN","8AGE","6RAC","6EDU","BRF20",20
"3193","2014","AL","Alabama","Tobacco Use – Survey Data","Cigarette Use (Adults)","Current Smoking","BRFSS","","%","Percentage",21.1,"","",0.7,19.8,22.4,8368,"Overall","All Races","All Ages","All Grades","(32.84057112200048, -86.63186076199969)","BEH","100BEH","110CSA","1GEN","8AGE","6RAC","6EDU","BRF20",20
"3243","2014","AK","Alaska","Tobacco Use – Survey Data","Cigarette Use (Adults)","Current Smoking","BRFSS","","%","Percentage",19.9,"","",0.9,18.2,21.6,4226,"Overall","All Races","All Ages","All Grades","(64.84507995700051, -147.72205903599973)","BEH","100BEH","110CSA","1GEN","8AGE","6RAC","6EDU","BRF20",20
"3284","2014","AZ","Arizona","Tobacco Use – Survey Data","Cigarette Use (Adults)","Current Smoking","BRFSS","","%","Percentage",16.5,"","",0.6,15.4,17.6,14002,"Overall","All Races","All Ages","All Grades","(34.865970280000454, -111.76381127699972)","BEH","100BEH","110CSA","1GEN","8AGE","6RAC","6EDU","BRF20",20
"3323","2014","AR","Arkansas","Tobacco Use – Survey Data","Cigarette Use (Adults)","Current Smoking","BRFSS","","%","Percentage",24.7,"","",1,22.7,26.7,4925,"Overall","All Races","All Ages","All Grades","(34.74865012400045, -92.27449074299966)","BEH","100BEH","110CSA","1GEN","8AGE","6RAC","6EDU","BRF20",20
"3364","2014","CA","California","Tobacco Use – Survey Data","Cigarette Use (Adults)","Current Smoking","BRFSS","","%","Percentage",12.8,"","",0.5,11.8,13.8,8195,"Overall","All Races","All Ages","All Grades","(37.63864012300047, -120.99999953799971)","BEH","100BEH","110CSA","1GEN","8AGE","6RAC","6EDU","BRF20",20
"3404","2014","CO","Colorado","Tobacco Use – Survey Data","Cigarette Use (Adults)","Current Smoking","BRFSS","","%","Percentage",15.7,"","",0.5,14.8,16.6,12253,"Overall","All Races","All Ages","All Grades","(38.843840757000464, -106.13361092099967)","BEH","100BEH","110CSA","1GEN","8AGE","6RAC","6EDU","BRF20",20
"3445","2014","CT","Connecticut","Tobacco Use – Survey Data","Cigarette Use (Adults)","Current Smoking","BRFSS","","%","Percentage",15.4,"","",0.6,14.2,16.6,7447,"Overall","All Races","All Ages","All Grades","(41.56266102000046, -72.64984095199964)","BEH","100BEH","110CSA","1GEN","8AGE","6RAC","6EDU","BRF20",20
"3485","2014","DE","Delaware","Tobacco Use – Survey Data","Cigarette Use (Adults)","Current Smoking","BRFSS","","%","Percentage",19.9,"","",1,18,21.8,4148,"Overall","All Races","All Ages","All Grades","(39.008830667000495, -75.57774116799965)","BEH","100BEH","110CSA","1GEN","8AGE","6RAC","6EDU","BRF20",20
"3526","2014","DC","District of Columbia","Tobacco Use – Survey Data","Cigarette Use (Adults)","Current Smoking","BRFSS","","%","Percentage",16.4,"","",1.1,14.2,18.6,3832,"Overall","All Races","All Ages","All Grades","(38.89037138500049, -77.03196112699965)","BEH","100BEH","110CSA","1GEN","8AGE","6RAC","6EDU","BRF20",20
"3566","2014","FL","Florida","Tobacco Use – Survey Data","Cigarette Use (Adults)","Current Smoking","BRFSS","","%","Percentage",17.6,"","",0.6,16.4,18.8,9207,"Overall","All Races","All Ages","All Grades","(28.932040377000476, -81.92896053899966)","BEH","100BEH","110CSA","1GEN","8AGE","6RAC","6EDU","BRF20",20
"3607","2014","GA","Georgia","Tobacco Use – Survey Data","Cigarette Use (Adults)","Current Smoking","BRFSS","","%","Percentage",17.4,"","",0.7,16,18.8,5952,"Overall","All Races","All Ages","All Grades","(32.83968109300048, -83.62758034599966)","BEH","100BEH","110CSA","1GEN","8AGE","6RAC","6EDU","BRF20",20
"3632","2014","GU","Guam","Tobacco Use – Survey Data","Cigarette Use (Adults)","Current Smoking","BRFSS","","%","Percentage",29.2,"","",1.4,26.4,32,2370,"Overall","All Races","All Ages","All Grades","(13.444304, 144.793731)","BEH","100BEH","110CSA","1GEN","8AGE","6RAC","6EDU","BRF20",20
"3672","2014","HI","Hawaii","Tobacco Use – Survey Data","Cigarette Use (Adults)","Current Smoking","BRFSS","","%","Percentage",14.1,"","",0.6,12.9,15.3,6890,"Overall","All Races","All Ages","All Grades","(21.304850435000446, -157.85774940299973)","BEH","100BEH","110CSA","1GEN","8AGE","6RAC","6EDU","BRF20",20
"3716","2014","ID","Idaho","Tobacco Use – Survey Data","Cigarette Use (Adults)","Current Smoking","BRFSS","","%","Percentage",15.9,"","",0.8,14.4,17.4,5257,"Overall","All Races","All Ages","All Grades","(43.682630005000476, -114.3637300419997)","BEH","100BEH","110CSA","1GEN","8AGE","6RAC","6EDU","BRF20",20
"3770","2014","IL","Illinois","Tobacco Use – Survey Data","Cigarette Use (Adults)","Current Smoking","BRFSS","","%","Percentage",16.5,"","",0.7,15,18,4844,"Overall","All Races","All Ages","All Grades","(40.48501028300046, -88.99771017799969)","BEH","100BEH","110CSA","1GEN","8AGE","6RAC","6EDU","BRF20",20
"3796","2014","IN","Indiana","Tobacco Use – Survey Data","Cigarette Use (Adults)","Current Smoking","BRFSS","","%","Percentage",22.9,"","",0.6,21.7,24.1,10978,"Overall","All Races","All Ages","All Grades","(39.766910452000445, -86.14996019399968)","BEH","100BEH","110CSA","1GEN","8AGE","6RAC","6EDU","BRF20",20
"3846","2014","IA","Iowa","Tobacco Use – Survey Data","Cigarette Use (Adults)","Current Smoking","BRFSS","","%","Percentage",18.5,"","",0.6,17.3,19.7,7751,"Overall","All Races","All Ages","All Grades","(42.46940091300047, -93.81649055599968)","BEH","100BEH","110CSA","1GEN","8AGE","6RAC","6EDU","BRF20",20
"3885","2014","KS","Kansas","Tobacco Use – Survey Data","Cigarette Use (Adults)","Current Smoking","BRFSS","","%","Percentage",18.1,"","",0.4,17.3,18.9,13163,"Overall","All Races","All Ages","All Grades","(38.34774030000045, -98.20078122699965)","BEH","100BEH","110CSA","1GEN","8AGE","6RAC","6EDU","BRF20",20
"3926","2014","KY","Kentucky","Tobacco Use – Survey Data","Cigarette Use (Adults)","Current Smoking","BRFSS","","%","Percentage",26.2,"","",0.8,24.7,27.7,10767,"Overall","All Races","All Ages","All Grades","(37.645970271000465, -84.77497104799966)","BEH","100BEH","110CSA","1GEN","8AGE","6RAC","6EDU","BRF20",20
"3967","2014","LA","Louisiana","Tobacco Use – Survey Data","Cigarette Use (Adults)","Current Smoking","BRFSS","","%","Percentage",24,"","",0.7,22.6,25.4,6514,"Overall","All Races","All Ages","All Grades","(31.31266064400046, -92.44568007099969)","BEH","100BEH","110CSA","1GEN","8AGE","6RAC","6EDU","BRF20",20
"3997","2014","ME","Maine","Tobacco Use – Survey Data","Cigarette Use (Adults)","Current Smoking","BRFSS","","%","Percentage",19.3,"","",0.6,18.1,20.5,8808,"Overall","All Races","All Ages","All Grades","(45.254228894000505, -68.98503133599962)","BEH","100BEH","110CSA","1GEN","8AGE","6RAC","6EDU","BRF20",20
"4049","2014","MD","Maryland","Tobacco Use – Survey Data","Cigarette Use (Adults)","Current Smoking","BRFSS","","%","Percentage",14.6,"","",0.6,13.4,15.8,12126,"Overall","All Races","All Ages","All Grades","(39.29058096400047, -76.60926011099963)","BEH","100BEH","110CSA","1GEN","8AGE","6RAC","6EDU","BRF20",20
"4087","2014","MA","Massachusetts","Tobacco Use – Survey Data","Cigarette Use (Adults)","Current Smoking","BRFSS","","%","Percentage",14.7,"","",0.5,13.7,15.7,14686,"Overall","All Races","All Ages","All Grades","(42.27687047000046, -72.08269067499964)","BEH","100BEH","110CSA","1GEN","8AGE","6RAC","6EDU","BRF20",20
"4126","2014","MI","Michigan","Tobacco Use – Survey Data","Cigarette Use (Adults)","Current Smoking","BRFSS","","%","Percentage",21.2,"","",0.6,20,22.4,8231,"Overall","All Races","All Ages","All Grades","(44.6613195430005, -84.71439026999968)","BEH","100BEH","110CSA","1GEN","8AGE","6RAC","6EDU","BRF20",20
"4167","2014","MN","Minnesota","Tobacco Use – Survey Data","Cigarette Use (Adults)","Current Smoking","BRFSS","","%","Percentage",16.3,"","",0.4,15.6,17,15842,"Overall","All Races","All Ages","All Grades","(46.35564873600049, -94.79420050299967)","BEH","100BEH","110CSA","1GEN","8AGE","6RAC","6EDU","BRF20",20
"4208","2014","MS","Mississippi","Tobacco Use – Survey Data","Cigarette Use (Adults)","Current Smoking","BRFSS","","%","Percentage",23,"","",1,21.1,24.9,4073,"Overall","All Races","All Ages","All Grades","(32.745510099000455, -89.53803082499968)","BEH","100BEH","110CSA","1GEN","8AGE","6RAC","6EDU","BRF20",20
"4247","2014","MO","Missouri","Tobacco Use – Survey Data","Cigarette Use (Adults)","Current Smoking","BRFSS","","%","Percentage",20.6,"","",0.8,19.1,22.1,6832,"Overall","All Races","All Ages","All Grades","(38.635790776000476, -92.56630005299968)","BEH","100BEH","110CSA","1GEN","8AGE","6RAC","6EDU","BRF20",20
"4280","2014","MT","Montana","Tobacco Use – Survey Data","Cigarette Use (Adults)","Current Smoking","BRFSS","","%","Percentage",19.9,"","",0.7,18.4,21.4,7299,"Overall","All Races","All Ages","All Grades","(47.06652897200047, -109.42442064499971)","BEH","100BEH","110CSA","1GEN","8AGE","6RAC","6EDU","BRF20",20
"4331","2014","NE","Nebraska","Tobacco Use – Survey Data","Cigarette Use (Adults)","Current Smoking","BRFSS","","%","Percentage",17.3,"","",0.4,16.4,18.2,21729,"Overall","All Races","All Ages","All Grades","(41.6410409880005, -99.36572062299967)","BEH","100BEH","110CSA","1GEN","8AGE","6RAC","6EDU","BRF20",20
"4372","2014","NV","Nevada","Tobacco Use – Survey Data","Cigarette Use (Adults)","Current Smoking","BRFSS","","%","Percentage",17,"","",1,15,19,3651,"Overall","All Races","All Ages","All Grades","(39.493240390000494, -117.07184056399967)","BEH","100BEH","110CSA","1GEN","8AGE","6RAC","6EDU","BRF20",20
"4397","2014","NH","New Hampshire","Tobacco Use – Survey Data","Cigarette Use (Adults)","Current Smoking","BRFSS","","%","Percentage",17.5,"","",0.8,16,19,5855,"Overall","All Races","All Ages","All Grades","(43.65595011300047, -71.50036091999965)","BEH","100BEH","110CSA","1GEN","8AGE","6RAC","6EDU","BRF20",20
"4451","2014","NJ","New Jersey","Tobacco Use – Survey Data","Cigarette Use (Adults)","Current Smoking","BRFSS","","%","Percentage",15.1,"","",0.5,14.1,16.1,12194,"Overall","All Races","All Ages","All Grades","(40.13057004800049, -74.27369128799967)","BEH","100BEH","110CSA","1GEN","8AGE","6RAC","6EDU","BRF20",20
"4481","2014","NM","New Mexico","Tobacco Use – Survey Data","Cigarette Use (Adults)","Current Smoking","BRFSS","","%","Percentage",19.1,"","",0.7,17.7,20.5,8365,"Overall","All Races","All Ages","All Grades","(34.52088095200048, -106.24058098499967)","BEH","100BEH","110CSA","1GEN","8AGE","6RAC","6EDU","BRF20",20
"4531","2014","NY","New York","Tobacco Use – Survey Data","Cigarette Use (Adults)","Current Smoking","BRFSS","","%","Percentage",14.4,"","",0.6,13.3,15.5,6408,"Overall","All Races","All Ages","All Grades","(42.82700103200045, -75.54397042699964)","BEH","100BEH","110CSA","1GEN","8AGE","6RAC","6EDU","BRF20",20
"4571","2014","NC","North Carolina","Tobacco Use – Survey Data","Cigarette Use (Adults)","Current Smoking","BRFSS","","%","Percentage",19.1,"","",0.6,17.9,20.3,6982,"Overall","All Races","All Ages","All Grades","(35.466220975000454, -79.15925046299964)","BEH","100BEH","110CSA","1GEN","8AGE","6RAC","6EDU","BRF20",20
"4611","2014","ND","North Dakota","Tobacco Use – Survey Data","Cigarette Use (Adults)","Current Smoking","BRFSS","","%","Percentage",19.9,"","",0.8,18.3,21.5,7499,"Overall","All Races","All Ages","All Grades","(47.47531977900047, -100.11842104899966)","BEH","100BEH","110CSA","1GEN","8AGE","6RAC","6EDU","BRF20",20
"4642","2014","OH","Ohio","Tobacco Use – Survey Data","Cigarette Use (Adults)","Current Smoking","BRFSS","","%","Percentage",21,"","",0.7,19.7,22.3,10616,"Overall","All Races","All Ages","All Grades","(40.06021014100048, -82.40426005599966)","BEH","100BEH","110CSA","1GEN","8AGE","6RAC","6EDU","BRF20",20
"4691","2014","OK","Oklahoma","Tobacco Use – Survey Data","Cigarette Use (Adults)","Current Smoking","BRFSS","","%","Percentage",21.1,"","",0.6,19.9,22.3,8194,"Overall","All Races","All Ages","All Grades","(35.47203135600046, -97.52107021399968)","BEH","100BEH","110CSA","1GEN","8AGE","6RAC","6EDU","BRF20",20
"4731","2014","OR","Oregon","Tobacco Use – Survey Data","Cigarette Use (Adults)","Current Smoking","BRFSS","","%","Percentage",17,"","",0.7,15.5,18.5,4968,"Overall","All Races","All Ages","All Grades","(44.56744942400047, -120.15503132599969)","BEH","100BEH","110CSA","1GEN","8AGE","6RAC","6EDU","BRF20",20
"4771","2014","PA","Pennsylvania","Tobacco Use – Survey Data","Cigarette Use (Adults)","Current Smoking","BRFSS","","%","Percentage",19.9,"","",0.6,18.8,21,10489,"Overall","All Races","All Ages","All Grades","(40.79373015200048, -77.86070029399963)","BEH","100BEH","110CSA","1GEN","8AGE","6RAC","6EDU","BRF20",20
"4815","2014","PR","Puerto Rico","Tobacco Use – Survey Data","Cigarette Use (Adults)","Current Smoking","BRFSS","","%","Percentage",11.3,"","",0.6,10.2,12.4,5907,"Overall","All Races","All Ages","All Grades","(18.220833, -66.590149)","BEH","100BEH","110CSA","1GEN","8AGE","6RAC","6EDU","BRF20",20
"4841","2014","RI","Rhode Island","Tobacco Use – Survey Data","Cigarette Use (Adults)","Current Smoking","BRFSS","","%","Percentage",16.3,"","",0.7,14.8,17.8,6097,"Overall","All Races","All Ages","All Grades","(41.70828019300046, -71.52247031399963)","BEH","100BEH","110CSA","1GEN","8AGE","6RAC","6EDU","BRF20",20
"4891","2014","SC","South Carolina","Tobacco Use – Survey Data","Cigarette Use (Adults)","Current Smoking","BRFSS","","%","Percentage",21.5,"","",0.6,20.3,22.7,10635,"Overall","All Races","All Ages","All Grades","(33.998821303000454, -81.04537120699968)","BEH","100BEH","110CSA","1GEN","8AGE","6RAC","6EDU","BRF20",20
"4931","2014","SD","South Dakota","Tobacco Use – Survey Data","Cigarette Use (Adults)","Current Smoking","BRFSS","","%","Percentage",18.6,"","",0.8,17,20.2,7186,"Overall","All Races","All Ages","All Grades","(44.353130053000484, -100.3735306369997)","BEH","100BEH","110CSA","1GEN","8AGE","6RAC","6EDU","BRF20",20
"4971","2014","TN","Tennessee","Tobacco Use – Survey Data","Cigarette Use (Adults)","Current Smoking","BRFSS","","%","Percentage",24.2,"","",1,22.3,26.1,4851,"Overall","All Races","All Ages","All Grades","(35.68094058000048, -85.77449091399967)","BEH","100BEH","110CSA","1GEN","8AGE","6RAC","6EDU","BRF20",20
"5012","2014","TX","Texas","Tobacco Use – Survey Data","Cigarette Use (Adults)","Current Smoking","BRFSS","","%","Percentage",14.5,"","",0.5,13.5,15.5,14536,"Overall","All Races","All Ages","All Grades","(31.827240407000488, -99.42677020599967)","BEH","100BEH","110CSA","1GEN","8AGE","6RAC","6EDU","BRF20",20
"5051","2014","UT","Utah","Tobacco Use – Survey Data","Cigarette Use (Adults)","Current Smoking","BRFSS","","%","Percentage",9.7,"","",0.3,9.1,10.3,14459,"Overall","All Races","All Ages","All Grades","(39.360700171000474, -111.58713063499971)","BEH","100BEH","110CSA","1GEN","8AGE","6RAC","6EDU","BRF20",20
"5091","2014","VT","Vermont","Tobacco Use – Survey Data","Cigarette Use (Adults)","Current Smoking","BRFSS","","%","Percentage",16.4,"","",0.6,15.2,17.6,6168,"Overall","All Races","All Ages","All Grades","(43.62538123900049, -72.51764079099962)","BEH","100BEH","110CSA","1GEN","8AGE","6RAC","6EDU","BRF20",20
"5130","2014","VA","Virginia","Tobacco Use – Survey Data","Cigarette Use (Adults)","Current Smoking","BRFSS","","%","Percentage",19.5,"","",0.6,18.3,20.7,9100,"Overall","All Races","All Ages","All Grades","(37.54268067400045, -78.45789046299967)","BEH","100BEH","110CSA","1GEN","8AGE","6RAC","6EDU","BRF20",20
"5170","2014","WA","Washington","Tobacco Use – Survey Data","Cigarette Use (Adults)","Current Smoking","BRFSS","","%","Percentage",15.3,"","",0.6,14.2,16.4,9727,"Overall","All Races","All Ages","All Grades","(47.52227862900048, -120.47001078999972)","BEH","100BEH","110CSA","1GEN","8AGE","6RAC","6EDU","BRF20",20
"5210","2014","WV","West Virginia","Tobacco Use – Survey Data","Cigarette Use (Adults)","Current Smoking","BRFSS","","%","Percentage",26.7,"","",0.7,25.3,28.1,6086,"Overall","All Races","All Ages","All Grades","(38.66551020200046, -80.71264013499967)","BEH","100BEH","110CSA","1GEN","8AGE","6RAC","6EDU","BRF20",20
"5252","2014","WI","Wisconsin","Tobacco Use – Survey Data","Cigarette Use (Adults)","Current Smoking","BRFSS","","%","Percentage",17.4,"","",0.7,16,18.8,6727,"Overall","All Races","All Ages","All Grades","(44.39319117400049, -89.81637074199966)","BEH","100BEH","110CSA","1GEN","8AGE","6RAC","6EDU","BRF20",20
"5291","2014","WY","Wyoming","Tobacco Use – Survey Data","Cigarette Use (Adults)","Current Smoking","BRFSS","","%","Percentage",19.5,"","",1,17.6,21.4,6078,"Overall","All Races","All Ages","All Grades","(43.23554134300048, -108.10983035299967)","BEH","100BEH","110CSA","1GEN","8AGE","6RAC","6EDU","BRF20",20
"5317","2013","AL","Alabama","Tobacco Use – Survey Data","Cigarette Use (Adults)","Current Smoking","BRFSS","","%","Percentage",21.5,"","",0.8,19.9,23.1,6383,"Overall","All Races","All Ages","All Grades","(32.84057112200048, -86.63186076199969)","BEH","100BEH","110CSA","1GEN","8AGE","6RAC","6EDU","BRF20",20
"5365","2013","AK","Alaska","Tobacco Use – Survey Data","Cigarette Use (Adults)","Current Smoking","BRFSS","","%","Percentage",22.6,"","",0.9,20.8,24.4,4476,"Overall","All Races","All Ages","All Grades","(64.84507995700051, -147.72205903599973)","BEH","100BEH","110CSA","1GEN","8AGE","6RAC","6EDU","BRF20",20
"5406","2013","AZ","Arizona","Tobacco Use – Survey Data","Cigarette Use (Adults)","Current Smoking","BRFSS","","%","Percentage",16.3,"","",1,14.3,18.3,4111,"Overall","All Races","All Ages","All Grades","(34.865970280000454, -111.76381127699972)","BEH","100BEH","110CSA","1GEN","8AGE","6RAC","6EDU","BRF20",20
"5446","2013","AR","Arkansas","Tobacco Use – Survey Data","Cigarette Use (Adults)","Current Smoking","BRFSS","","%","Percentage",25.9,"","",0.9,24.1,27.7,5101,"Overall","All Races","All Ages","All Grades","(34.74865012400045, -92.27449074299966)","BEH","100BEH","110CSA","1GEN","8AGE","6RAC","6EDU","BRF20",20
"5492","2013","CA","California","Tobacco Use – Survey Data","Cigarette Use (Adults)","Current Smoking","BRFSS","","%","Percentage",12.5,"","",0.5,11.6,13.4,10622,"Overall","All Races","All Ages","All Grades","(37.63864012300047, -120.99999953799971)","BEH","100BEH","110CSA","1GEN","8AGE","6RAC","6EDU","BRF20",20
"5532","2013","CO","Colorado","Tobacco Use – Survey Data","Cigarette Use (Adults)","Current Smoking","BRFSS","","%","Percentage",17.7,"","",0.5,16.8,18.6,12774,"Overall","All Races","All Ages","All Grades","(38.843840757000464, -106.13361092099967)","BEH","100BEH","110CSA","1GEN","8AGE","6RAC","6EDU","BRF20",20
"5571","2013","CT","Connecticut","Tobacco Use – Survey Data","Cigarette Use (Adults)","Current Smoking","BRFSS","","%","Percentage",15.5,"","",0.6,14.3,16.7,7479,"Overall","All Races","All Ages","All Grades","(41.56266102000046, -72.64984095199964)","BEH","100BEH","110CSA","1GEN","8AGE","6RAC","6EDU","BRF20",20
"5604","2013","DE","Delaware","Tobacco Use – Survey Data","Cigarette Use (Adults)","Current Smoking","BRFSS","","%","Percentage",19.6,"","",0.8,18,21.2,5052,"Overall","All Races","All Ages","All Grades","(39.008830667000495, -75.57774116799965)","BEH","100BEH","110CSA","1GEN","8AGE","6RAC","6EDU","BRF20",20
"5647","2013","DC","District of Columbia","Tobacco Use – Survey Data","Cigarette Use (Adults)","Current Smoking","BRFSS","","%","Percentage",18.8,"","",1,16.8,20.8,4702,"Overall","All Races","All Ages","All Grades","(38.89037138500049, -77.03196112699965)","BEH","100BEH","110CSA","1GEN","8AGE","6RAC","6EDU","BRF20",20
"5685","2013","FL","Florida","Tobacco Use – Survey Data","Cigarette Use (Adults)","Current Smoking","BRFSS","","%","Percentage",16.8,"","",0.5,15.9,17.7,33028,"Overall","All Races","All Ages","All Grades","(28.932040377000476, -81.92896053899966)","BEH","100BEH","110CSA","1GEN","8AGE","6RAC","6EDU","BRF20",20
"5727","2013","GA","Georgia","Tobacco Use – Survey Data","Cigarette Use (Adults)","Current Smoking","BRFSS","","%","Percentage",18.8,"","",0.7,17.5,20.1,7725,"Overall","All Races","All Ages","All Grades","(32.83968109300048, -83.62758034599966)","BEH","100BEH","110CSA","1GEN","8AGE","6RAC","6EDU","BRF20",20
"5758","2013","GU","Guam","Tobacco Use – Survey Data","Cigarette Use (Adults)","Current Smoking","BRFSS","","%","Percentage",26.5,"","",1.4,23.8,29.2,1835,"Overall","All Races","All Ages","All Grades","(13.444304, 144.793731)","BEH","100BEH","110CSA","1GEN","8AGE","6RAC","6EDU","BRF20",20
"5807","2013","HI","Hawaii","Tobacco Use – Survey Data","Cigarette Use (Adults)","Current Smoking","BRFSS","","%","Percentage",13.3,"","",0.6,12.2,14.4,7676,"Overall","All Races","All Ages","All Grades","(21.304850435000446, -157.85774940299973)","BEH","100BEH","110CSA","1GEN","8AGE","6RAC","6EDU","BRF20",20
"5841","2013","ID","Idaho","Tobacco Use – Survey Data","Cigarette Use (Adults)","Current Smoking","BRFSS","","%","Percentage",17.2,"","",0.8,15.6,18.8,5491,"Overall","All Races","All Ages","All Grades","(43.682630005000476, -114.3637300419997)","BEH","100BEH","110CSA","1GEN","8AGE","6RAC","6EDU","BRF20",20
"5881","2013","IL","Illinois","Tobacco Use – Survey Data","Cigarette Use (Adults)","Current Smoking","BRFSS","","%","Percentage",18,"","",0.8,16.5,19.5,5526,"Overall","All Races","All Ages","All Grades","(40.48501028300046, -88.99771017799969)","BEH","100BEH","110CSA","1GEN","8AGE","6RAC","6EDU","BRF20",20
"5919","2013","IN","Indiana","Tobacco Use – Survey Data","Cigarette Use (Adults)","Current Smoking","BRFSS","","%","Percentage",21.9,"","",0.6,20.8,23,10068,"Overall","All Races","All Ages","All Grades","(39.766910452000445, -86.14996019399968)","BEH","100BEH","110CSA","1GEN","8AGE","6RAC","6EDU","BRF20",20
"5960","2013","IA","Iowa","Tobacco Use – Survey Data","Cigarette Use (Adults)","Current Smoking","BRFSS","","%","Percentage",19.5,"","",0.7,18.2,20.8,7983,"Overall","All Races","All Ages","All Grades","(42.46940091300047, -93.81649055599968)","BEH","100BEH","110CSA","1GEN","8AGE","6RAC","6EDU","BRF20",20
"5969","2012","TX","Texas","Tobacco Use – Survey Data","Cigarette Use (Adults)","Current Smoking","BRFSS","","%","Percentage",18.2,"","",0.6,17,19.4,8963,"Overall","All Races","All Ages","All Grades","(31.827240407000488, -99.42677020599967)","BEH","100BEH","110CSA","1GEN","8AGE","6RAC","6EDU","BRF20",20
"6006","2013","KS","Kansas","Tobacco Use – Survey Data","Cigarette Use (Adults)","Current Smoking","BRFSS","","%","Percentage",20,"","",0.4,19.3,20.7,22891,"Overall","All Races","All Ages","All Grades","(38.34774030000045, -98.20078122699965)","BEH","100BEH","110CSA","1GEN","8AGE","6RAC","6EDU","BRF20",20
"6047","2013","KY","Kentucky","Tobacco Use – Survey Data","Cigarette Use (Adults)","Current Smoking","BRFSS","","%","Percentage",26.5,"","",0.7,25.1,27.9,10584,"Overall","All Races","All Ages","All Grades","(37.645970271000465, -84.77497104799966)","BEH","100BEH","110CSA","1GEN","8AGE","6RAC","6EDU","BRF20",20
"6086","2013","LA","Louisiana","Tobacco Use – Survey Data","Cigarette Use (Adults)","Current Smoking","BRFSS","","%","Percentage",23.5,"","",1,21.5,25.5,5162,"Overall","All Races","All Ages","All Grades","(31.31266064400046, -92.44568007099969)","BEH","100BEH","110CSA","1GEN","8AGE","6RAC","6EDU","BRF20",20
"6122","2013","ME","Maine","Tobacco Use – Survey Data","Cigarette Use (Adults)","Current Smoking","BRFSS","","%","Percentage",20.2,"","",0.7,18.9,21.5,7962,"Overall","All Races","All Ages","All Grades","(45.254228894000505, -68.98503133599962)","BEH","100BEH","110CSA","1GEN","8AGE","6RAC","6EDU","BRF20",20
"6162","2013","MD","Maryland","Tobacco Use – Survey Data","Cigarette Use (Adults)","Current Smoking","BRFSS","","%","Percentage",16.4,"","",0.6,15.3,17.5,12593,"Overall","All Races","All Ages","All Grades","(39.29058096400047, -76.60926011099963)","BEH","100BEH","110CSA","1GEN","8AGE","6RAC","6EDU","BRF20",20
"6199","2013","MA","Massachusetts","Tobacco Use – Survey Data","Cigarette Use (Adults)","Current Smoking","BRFSS","","%","Percentage",16.6,"","",0.5,15.6,17.6,14274,"Overall","All Races","All Ages","All Grades","(42.27687047000046, -72.08269067499964)","BEH","100BEH","110CSA","1GEN","8AGE","6RAC","6EDU","BRF20",20
"6242","2013","MI","Michigan","Tobacco Use – Survey Data","Cigarette Use (Adults)","Current Smoking","BRFSS","","%","Percentage",21.4,"","",0.6,20.3,22.5,12519,"Overall","All Races","All Ages","All Grades","(44.6613195430005, -84.71439026999968)","BEH","100BEH","110CSA","1GEN","8AGE","6RAC","6EDU","BRF20",20
"6288","2013","MN","Minnesota","Tobacco Use – Survey Data","Cigarette Use (Adults)","Current Smoking","BRFSS","","%","Percentage",18,"","",0.6,16.8,19.2,13794,"Overall","All Races","All Ages","All Grades","(46.35564873600049, -94.79420050299967)","BEH","100BEH","110CSA","1GEN","8AGE","6RAC","6EDU","BRF20",20
"6323","2013","MS","Mississippi","Tobacco Use – Survey Data","Cigarette Use (Adults)","Current Smoking","BRFSS","","%","Percentage",24.8,"","",0.8,23.2,26.4,7243,"Overall","All Races","All Ages","All Grades","(32.745510099000455, -89.53803082499968)","BEH","100BEH","110CSA","1GEN","8AGE","6RAC","6EDU","BRF20",20
"6365","2013","MO","Missouri","Tobacco Use – Survey Data","Cigarette Use (Adults)","Current Smoking","BRFSS","","%","Percentage",22.1,"","",0.8,20.6,23.6,6988,"Overall","All Races","All Ages","All Grades","(38.635790776000476, -92.56630005299968)","BEH","100BEH","110CSA","1GEN","8AGE","6RAC","6EDU","BRF20",20
"6406","2013","MT","Montana","Tobacco Use – Survey Data","Cigarette Use (Adults)","Current Smoking","BRFSS","","%","Percentage",19,"","",0.6,17.9,20.1,9526,"Overall","All Races","All Ages","All Grades","(47.06652897200047, -109.42442064499971)","BEH","100BEH","110CSA","1GEN","8AGE","6RAC","6EDU","BRF20",20
"6456","2013","NE","Nebraska","Tobacco Use – Survey Data","Cigarette Use (Adults)","Current Smoking","BRFSS","","%","Percentage",18.5,"","",0.5,17.5,19.5,16687,"Overall","All Races","All Ages","All Grades","(41.6410409880005, -99.36572062299967)","BEH","100BEH","110CSA","1GEN","8AGE","6RAC","6EDU","BRF20",20
"6494","2013","NV","Nevada","Tobacco Use – Survey Data","Cigarette Use (Adults)","Current Smoking","BRFSS","","%","Percentage",19.4,"","",1.1,17.3,21.5,4984,"Overall","All Races","All Ages","All Grades","(39.493240390000494, -117.07184056399967)","BEH","100BEH","110CSA","1GEN","8AGE","6RAC","6EDU","BRF20",20
"6530","2013","NH","New Hampshire","Tobacco Use – Survey Data","Cigarette Use (Adults)","Current Smoking","BRFSS","","%","Percentage",16.2,"","",0.7,14.9,17.5,6291,"Overall","All Races","All Ages","All Grades","(43.65595011300047, -71.50036091999965)","BEH","100BEH","110CSA","1GEN","8AGE","6RAC","6EDU","BRF20",20
"6565","2013","NJ","New Jersey","Tobacco Use – Survey Data","Cigarette Use (Adults)","Current Smoking","BRFSS","","%","Percentage",15.7,"","",0.5,14.7,16.7,12590,"Overall","All Races","All Ages","All Grades","(40.13057004800049, -74.27369128799967)","BEH","100BEH","110CSA","1GEN","8AGE","6RAC","6EDU","BRF20",20
"6611","2013","NM","New Mexico","Tobacco Use – Survey Data","Cigarette Use (Adults)","Current Smoking","BRFSS","","%","Percentage",19.1,"","",0.6,17.9,20.3,9096,"Overall","All Races","All Ages","All Grades","(34.52088095200048, -106.24058098499967)","BEH","100BEH","110CSA","1GEN","8AGE","6RAC","6EDU","BRF20",20
"6652","2013","NY","New York","Tobacco Use – Survey Data","Cigarette Use (Adults)","Current Smoking","BRFSS","","%","Percentage",16.6,"","",0.6,15.5,17.7,8659,"Overall","All Races","All Ages","All Grades","(42.82700103200045, -75.54397042699964)","BEH","100BEH","110CSA","1GEN","8AGE","6RAC","6EDU","BRF20",20
"6686","2013","NC","North Carolina","Tobacco Use – Survey Data","Cigarette Use (Adults)","Current Smoking","BRFSS","","%","Percentage",20.3,"","",0.6,19.1,21.5,8698,"Overall","All Races","All Ages","All Grades","(35.466220975000454, -79.15925046299964)","BEH","100BEH","110CSA","1GEN","8AGE","6RAC","6EDU","BRF20",20
"6737","2013","ND","North Dakota","Tobacco Use – Survey Data","Cigarette Use (Adults)","Current Smoking","BRFSS","","%","Percentage",21.2,"","",0.7,19.8,22.6,7655,"Overall","All Races","All Ages","All Grades","(47.47531977900047, -100.11842104899966)","BEH","100BEH","110CSA","1GEN","8AGE","6RAC","6EDU","BRF20",20
"6773","2013","OH","Ohio","Tobacco Use – Survey Data","Cigarette Use (Adults)","Current Smoking","BRFSS","","%","Percentage",23.4,"","",0.6,22.2,24.6,11490,"Overall","All Races","All Ages","All Grades","(40.06021014100048, -82.40426005599966)","BEH","100BEH","110CSA","1GEN","8AGE","6RAC","6EDU","BRF20",20
"6808","2013","OK","Oklahoma","Tobacco Use – Survey Data","Cigarette Use (Adults)","Current Smoking","BRFSS","","%","Percentage",23.7,"","",0.7,22.4,25,8133,"Overall","All Races","All Ages","All Grades","(35.47203135600046, -97.52107021399968)","BEH","100BEH","110CSA","1GEN","8AGE","6RAC","6EDU","BRF20",20
"6841","2013","OR","Oregon","Tobacco Use – Survey Data","Cigarette Use (Adults)","Current Smoking","BRFSS","","%","Percentage",17.3,"","",0.7,15.9,18.7,5784,"Overall","All Races","All Ages","All Grades","(44.56744942400047, -120.15503132599969)","BEH","100BEH","110CSA","1GEN","8AGE","6RAC","6EDU","BRF20",20
"6890","2013","PA","Pennsylvania","Tobacco Use – Survey Data","Cigarette Use (Adults)","Current Smoking","BRFSS","","%","Percentage",21,"","",0.6,19.9,22.1,11109,"Overall","All Races","All Ages","All Grades","(40.79373015200048, -77.86070029399963)","BEH","100BEH","110CSA","1GEN","8AGE","6RAC","6EDU","BRF20",20
"6920","2013","PR","Puerto Rico","Tobacco Use – Survey Data","Cigarette Use (Adults)","Current Smoking","BRFSS","","%","Percentage",10.8,"","",0.6,9.7,11.9,5966,"Overall","All Races","All Ages","All Grades","(18.220833, -66.590149)","BEH","100BEH","110CSA","1GEN","8AGE","6RAC","6EDU","BRF20",20
"6969","2013","RI","Rhode Island","Tobacco Use – Survey Data","Cigarette Use (Adults)","Current Smoking","BRFSS","","%","Percentage",17.4,"","",0.7,16,18.8,6246,"Overall","All Races","All Ages","All Grades","(41.70828019300046, -71.52247031399963)","BEH","100BEH","110CSA","1GEN","8AGE","6RAC","6EDU","BRF20",20
"7011","2013","SC","South Carolina","Tobacco Use – Survey Data","Cigarette Use (Adults)","Current Smoking","BRFSS","","%","Percentage",22,"","",0.6,20.8,23.2,10481,"Overall","All Races","All Ages","All Grades","(33.998821303000454, -81.04537120699968)","BEH","100BEH","110CSA","1GEN","8AGE","6RAC","6EDU","BRF20",20
"7046","2013","SD","South Dakota","Tobacco Use – Survey Data","Cigarette Use (Adults)","Current Smoking","BRFSS","","%","Percentage",19.6,"","",0.8,18,21.2,6769,"Overall","All Races","All Ages","All Grades","(44.353130053000484, -100.3735306369997)","BEH","100BEH","110CSA","1GEN","8AGE","6RAC","6EDU","BRF20",20
"7091","2013","TN","Tennessee","Tobacco Use – Survey Data","Cigarette Use (Adults)","Current Smoking","BRFSS","","%","Percentage",24.3,"","",0.9,22.6,26,5467,"Overall","All Races","All Ages","All Grades","(35.68094058000048, -85.77449091399967)","BEH","100BEH","110CSA","1GEN","8AGE","6RAC","6EDU","BRF20",20
"7129","2013","TX","Texas","Tobacco Use – Survey Data","Cigarette Use (Adults)","Current Smoking","BRFSS","","%","Percentage",15.9,"","",0.6,14.8,17,10594,"Overall","All Races","All Ages","All Grades","(31.827240407000488, -99.42677020599967)","BEH","100BEH","110CSA","1GEN","8AGE","6RAC","6EDU","BRF20",20
"7162","2013","UT","Utah","Tobacco Use – Survey Data","Cigarette Use (Adults)","Current Smoking","BRFSS","","%","Percentage",10.3,"","",0.4,9.6,11,12451,"Overall","All Races","All Ages","All Grades","(39.360700171000474, -111.58713063499971)","BEH","100BEH","110CSA","1GEN","8AGE","6RAC","6EDU","BRF20",20
"7205","2013","VT","Vermont","Tobacco Use – Survey Data","Cigarette Use (Adults)","Current Smoking","BRFSS","","%","Percentage",16.6,"","",0.7,15.3,17.9,6241,"Overall","All Races","All Ages","All Grades","(43.62538123900049, -72.51764079099962)","BEH","100BEH","110CSA","1GEN","8AGE","6RAC","6EDU","BRF20",20
"7248","2013","VA","Virginia","Tobacco Use – Survey Data","Cigarette Use (Adults)","Current Smoking","BRFSS","","%","Percentage",19,"","",0.6,17.8,20.2,8091,"Overall","All Races","All Ages","All Grades","(37.54268067400045, -78.45789046299967)","BEH","100BEH","110CSA","1GEN","8AGE","6RAC","6EDU","BRF20",20
"7284","2013","WA","Washington","Tobacco Use – Survey Data","Cigarette Use (Adults)","Current Smoking","BRFSS","","%","Percentage",16.1,"","",0.5,15.1,17.1,10996,"Overall","All Races","All Ages","All Grades","(47.52227862900048, -120.47001078999972)","BEH","100BEH","110CSA","1GEN","8AGE","6RAC","6EDU","BRF20",20
"7323","2013","WV","West Virginia","Tobacco Use – Survey Data","Cigarette Use (Adults)","Current Smoking","BRFSS","","%","Percentage",27.3,"","",0.7,25.9,28.7,5841,"Overall","All Races","All Ages","All Grades","(38.66551020200046, -80.71264013499967)","BEH","100BEH","110CSA","1GEN","8AGE","6RAC","6EDU","BRF20",20
"7366","2013","WI","Wisconsin","Tobacco Use – Survey Data","Cigarette Use (Adults)","Current Smoking","BRFSS","","%","Percentage",18.7,"","",0.8,17.1,20.3,6249,"Overall","All Races","All Ages","All Grades","(44.39319117400049, -89.81637074199966)","BEH","100BEH","110CSA","1GEN","8AGE","6RAC","6EDU","BRF20",20
"7403","2013","WY","Wyoming","Tobacco Use – Survey Data","Cigarette Use (Adults)","Current Smoking","BRFSS","","%","Percentage",20.6,"","",0.8,19,22.2,6315,"Overall","All Races","All Ages","All Grades","(43.23554134300048, -108.10983035299967)","BEH","100BEH","110CSA","1GEN","8AGE","6RAC","6EDU","BRF20",20
"7446","2012","AL","Alabama","Tobacco Use – Survey Data","Cigarette Use (Adults)","Current Smoking","BRFSS","","%","Percentage",23.8,"","",0.7,22.4,25.2,8913,"Overall","All Races","All Ages","All Grades","(32.84057112200048, -86.63186076199969)","BEH","100BEH","110CSA","1GEN","8AGE","6RAC","6EDU","BRF20",20
"7487","2012","AK","Alaska","Tobacco Use – Survey Data","Cigarette Use (Adults)","Current Smoking","BRFSS","","%","Percentage",20.5,"","",0.9,18.8,22.2,4267,"Overall","All Races","All Ages","All Grades","(64.84507995700051, -147.72205903599973)","BEH","100BEH","110CSA","1GEN","8AGE","6RAC","6EDU","BRF20",20
"7530","2012","AZ","Arizona","Tobacco Use – Survey Data","Cigarette Use (Adults)","Current Smoking","BRFSS","","%","Percentage",17.1,"","",0.8,15.6,18.6,7140,"Overall","All Races","All Ages","All Grades","(34.865970280000454, -111.76381127699972)","BEH","100BEH","110CSA","1GEN","8AGE","6RAC","6EDU","BRF20",20
"7559","2012","AR","Arkansas","Tobacco Use – Survey Data","Cigarette Use (Adults)","Current Smoking","BRFSS","","%","Percentage",25,"","",0.9,23.3,26.7,5079,"Overall","All Races","All Ages","All Grades","(34.74865012400045, -92.27449074299966)","BEH","100BEH","110CSA","1GEN","8AGE","6RAC","6EDU","BRF20",20
"7613","2012","CA","California","Tobacco Use – Survey Data","Cigarette Use (Adults)","Current Smoking","BRFSS","","%","Percentage",12.6,"","",0.4,11.8,13.4,14543,"Overall","All Races","All Ages","All Grades","(37.63864012300047, -120.99999953799971)","BEH","100BEH","110CSA","1GEN","8AGE","6RAC","6EDU","BRF20",20
"7649","2012","CO","Colorado","Tobacco Use – Survey Data","Cigarette Use (Adults)","Current Smoking","BRFSS","","%","Percentage",17.7,"","",0.5,16.7,18.7,11657,"Overall","All Races","All Ages","All Grades","(38.843840757000464, -106.13361092099967)","BEH","100BEH","110CSA","1GEN","8AGE","6RAC","6EDU","BRF20",20
"7680","2012","CT","Connecticut","Tobacco Use – Survey Data","Cigarette Use (Adults)","Current Smoking","BRFSS","","%","Percentage",16,"","",0.6,14.8,17.2,8609,"Overall","All Races","All Ages","All Grades","(41.56266102000046, -72.64984095199964)","BEH","100BEH","110CSA","1GEN","8AGE","6RAC","6EDU","BRF20",20
"7732","2012","DE","Delaware","Tobacco Use – Survey Data","Cigarette Use (Adults)","Current Smoking","BRFSS","","%","Percentage",19.7,"","",0.8,18.1,21.3,5146,"Overall","All Races","All Ages","All Grades","(39.008830667000495, -75.57774116799965)","BEH","100BEH","110CSA","1GEN","8AGE","6RAC","6EDU","BRF20",20
"7766","2012","DC","District of Columbia","Tobacco Use – Survey Data","Cigarette Use (Adults)","Current Smoking","BRFSS","","%","Percentage",19.6,"","",1.2,17.3,21.9,3720,"Overall","All Races","All Ages","All Grades","(38.89037138500049, -77.03196112699965)","BEH","100BEH","110CSA","1GEN","8AGE","6RAC","6EDU","BRF20",20
"7805","2012","FL","Florida","Tobacco Use – Survey Data","Cigarette Use (Adults)","Current Smoking","BRFSS","","%","Percentage",17.7,"","",0.7,16.3,19.1,7465,"Overall","All Races","All Ages","All Grades","(28.932040377000476, -81.92896053899966)","BEH","100BEH","110CSA","1GEN","8AGE","6RAC","6EDU","BRF20",20
"7850","2012","GA","Georgia","Tobacco Use – Survey Data","Cigarette Use (Adults)","Current Smoking","BRFSS","","%","Percentage",20.4,"","",0.8,18.9,21.9,5894,"Overall","All Races","All Ages","All Grades","(32.83968109300048, -83.62758034599966)","BEH","100BEH","110CSA","1GEN","8AGE","6RAC","6EDU","BRF20",20
"7894","2012","GU","Guam","Tobacco Use – Survey Data","Cigarette Use (Adults)","Current Smoking","BRFSS","","%","Percentage",25.8,"","",1.4,23.1,28.5,1981,"Overall","All Races","All Ages","All Grades","(13.444304, 144.793731)","BEH","100BEH","110CSA","1GEN","8AGE","6RAC","6EDU","BRF20",20
"7928","2012","HI","Hawaii","Tobacco Use – Survey Data","Cigarette Use (Adults)","Current Smoking","BRFSS","","%","Percentage",14.6,"","",0.7,13.3,15.9,7495,"Overall","All Races","All Ages","All Grades","(21.304850435000446, -157.85774940299973)","BEH","100BEH","110CSA","1GEN","8AGE","6RAC","6EDU","BRF20",20
"7956","2012","ID","Idaho","Tobacco Use – Survey Data","Cigarette Use (Adults)","Current Smoking","BRFSS","","%","Percentage",16.4,"","",0.9,14.6,18.2,5794,"Overall","All Races","All Ages","All Grades","(43.682630005000476, -114.3637300419997)","BEH","100BEH","110CSA","1GEN","8AGE","6RAC","6EDU","BRF20",20
"8010","2012","IL","Illinois","Tobacco Use – Survey Data","Cigarette Use (Adults)","Current Smoking","BRFSS","","%","Percentage",18.6,"","",0.9,16.9,20.3,5530,"Overall","All Races","All Ages","All Grades","(40.48501028300046, -88.99771017799969)","BEH","100BEH","110CSA","1GEN","8AGE","6RAC","6EDU","BRF20",20
"8048","2012","IN","Indiana","Tobacco Use – Survey Data","Cigarette Use (Adults)","Current Smoking","BRFSS","","%","Percentage",24,"","",0.6,22.8,25.2,8511,"Overall","All Races","All Ages","All Grades","(39.766910452000445, -86.14996019399968)","BEH","100BEH","110CSA","1GEN","8AGE","6RAC","6EDU","BRF20",20
"8087","2012","IA","Iowa","Tobacco Use – Survey Data","Cigarette Use (Adults)","Current Smoking","BRFSS","","%","Percentage",18.1,"","",0.6,16.9,19.3,7015,"Overall","All Races","All Ages","All Grades","(42.46940091300047, -93.81649055599968)","BEH","100BEH","110CSA","1GEN","8AGE","6RAC","6EDU","BRF20",20
"8130","2012","KS","Kansas","Tobacco Use – Survey Data","Cigarette Use (Adults)","Current Smoking","BRFSS","","%","Percentage",19.4,"","",0.5,18.4,20.4,11709,"Overall","All Races","All Ages","All Grades","(38.34774030000045, -98.20078122699965)","BEH","100BEH","110CSA","1GEN","8AGE","6RAC","6EDU","BRF20",20
"8165","2012","KY","Kentucky","Tobacco Use – Survey Data","Cigarette Use (Adults)","Current Smoking","BRFSS","","%","Percentage",28.3,"","",0.7,26.9,29.7,10867,"Overall","All Races","All Ages","All Grades","(37.645970271000465, -84.77497104799966)","BEH","100BEH","110CSA","1GEN","8AGE","6RAC","6EDU","BRF20",20
"8203","2012","LA","Louisiana","Tobacco Use – Survey Data","Cigarette Use (Adults)","Current Smoking","BRFSS","","%","Percentage",24.8,"","",0.8,23.2,26.4,8997,"Overall","All Races","All Ages","All Grades","(31.31266064400046, -92.44568007099969)","BEH","100BEH","110CSA","1GEN","8AGE","6RAC","6EDU","BRF20",20
"8255","2012","ME","Maine","Tobacco Use – Survey Data","Cigarette Use (Adults)","Current Smoking","BRFSS","","%","Percentage",20.3,"","",0.6,19.2,21.4,9810,"Overall","All Races","All Ages","All Grades","(45.254228894000505, -68.98503133599962)","BEH","100BEH","110CSA","1GEN","8AGE","6RAC","6EDU","BRF20",20
"8283","2012","MD","Maryland","Tobacco Use – Survey Data","Cigarette Use (Adults)","Current Smoking","BRFSS","","%","Percentage",16.2,"","",0.6,15,17.4,12456,"Overall","All Races","All Ages","All Grades","(39.29058096400047, -76.60926011099963)","BEH","100BEH","110CSA","1GEN","8AGE","6RAC","6EDU","BRF20",20
"8322","2012","MA","Massachusetts","Tobacco Use – Survey Data","Cigarette Use (Adults)","Current Smoking","BRFSS","","%","Percentage",16.4,"","",0.4,15.6,17.2,20682,"Overall","All Races","All Ages","All Grades","(42.27687047000046, -72.08269067499964)","BEH","100BEH","110CSA","1GEN","8AGE","6RAC","6EDU","BRF20",20
"8375","2012","MI","Michigan","Tobacco Use – Survey Data","Cigarette Use (Adults)","Current Smoking","BRFSS","","%","Percentage",23.3,"","",0.6,22.1,24.5,10361,"Overall","All Races","All Ages","All Grades","(44.6613195430005, -84.71439026999968)","BEH","100BEH","110CSA","1GEN","8AGE","6RAC","6EDU","BRF20",20
"8406","2012","MN","Minnesota","Tobacco Use – Survey Data","Cigarette Use (Adults)","Current Smoking","BRFSS","","%","Percentage",18.8,"","",0.5,17.8,19.8,11889,"Overall","All Races","All Ages","All Grades","(46.35564873600049, -94.79420050299967)","BEH","100BEH","110CSA","1GEN","8AGE","6RAC","6EDU","BRF20",20
"8444","2012","MS","Mississippi","Tobacco Use – Survey Data","Cigarette Use (Adults)","Current Smoking","BRFSS","","%","Percentage",24,"","",0.8,22.5,25.5,7700,"Overall","All Races","All Ages","All Grades","(32.745510099000455, -89.53803082499968)","BEH","100BEH","110CSA","1GEN","8AGE","6RAC","6EDU","BRF20",20
"8477","2012","MO","Missouri","Tobacco Use – Survey Data","Cigarette Use (Adults)","Current Smoking","BRFSS","","%","Percentage",23.9,"","",0.8,22.3,25.5,6661,"Overall","All Races","All Ages","All Grades","(38.635790776000476, -92.56630005299968)","BEH","100BEH","110CSA","1GEN","8AGE","6RAC","6EDU","BRF20",20
"8529","2012","MT","Montana","Tobacco Use – Survey Data","Cigarette Use (Adults)","Current Smoking","BRFSS","","%","Percentage",19.7,"","",0.6,18.5,20.9,8564,"Overall","All Races","All Ages","All Grades","(47.06652897200047, -109.42442064499971)","BEH","100BEH","110CSA","1GEN","8AGE","6RAC","6EDU","BRF20",20
"8573","2012","NE","Nebraska","Tobacco Use – Survey Data","Cigarette Use (Adults)","Current Smoking","BRFSS","","%","Percentage",19.7,"","",0.5,18.8,20.6,18985,"Overall","All Races","All Ages","All Grades","(41.6410409880005, -99.36572062299967)","BEH","100BEH","110CSA","1GEN","8AGE","6RAC","6EDU","BRF20",20
"8605","2012","NV","Nevada","Tobacco Use – Survey Data","Cigarette Use (Adults)","Current Smoking","BRFSS","","%","Percentage",18.1,"","",0.8,16.5,19.7,4778,"Overall","All Races","All Ages","All Grades","(39.493240390000494, -117.07184056399967)","BEH","100BEH","110CSA","1GEN","8AGE","6RAC","6EDU","BRF20",20
"8647","2012","NH","New Hampshire","Tobacco Use – Survey Data","Cigarette Use (Adults)","Current Smoking","BRFSS","","%","Percentage",17.2,"","",0.7,15.8,18.6,7421,"Overall","All Races","All Ages","All Grades","(43.65595011300047, -71.50036091999965)","BEH","100BEH","110CSA","1GEN","8AGE","6RAC","6EDU","BRF20",20
"8694","2012","NJ","New Jersey","Tobacco Use – Survey Data","Cigarette Use (Adults)","Current Smoking","BRFSS","","%","Percentage",17.3,"","",0.5,16.3,18.3,15009,"Overall","All Races","All Ages","All Grades","(40.13057004800049, -74.27369128799967)","BEH","100BEH","110CSA","1GEN","8AGE","6RAC","6EDU","BRF20",20
"8731","2012","NM","New Mexico","Tobacco Use – Survey Data","Cigarette Use (Adults)","Current Smoking","BRFSS","","%","Percentage",19.3,"","",0.6,18.2,20.4,8627,"Overall","All Races","All Ages","All Grades","(34.52088095200048, -106.24058098499967)","BEH","100BEH","110CSA","1GEN","8AGE","6RAC","6EDU","BRF20",20
"8767","2012","NY","New York","Tobacco Use – Survey Data","Cigarette Use (Adults)","Current Smoking","BRFSS","","%","Percentage",16.2,"","",0.7,14.8,17.6,5925,"Overall","All Races","All Ages","All Grades","(42.82700103200045, -75.54397042699964)","BEH","100BEH","110CSA","1GEN","8AGE","6RAC","6EDU","BRF20",20
"8807","2012","NC","North Carolina","Tobacco Use – Survey Data","Cigarette Use (Adults)","Current Smoking","BRFSS","","%","Percentage",20.9,"","",0.5,19.9,21.9,11727,"Overall","All Races","All Ages","All Grades","(35.466220975000454, -79.15925046299964)","BEH","100BEH","110CSA","1GEN","8AGE","6RAC","6EDU","BRF20",20
"8859","2012","ND","North Dakota","Tobacco Use – Survey Data","Cigarette Use (Adults)","Current Smoking","BRFSS","","%","Percentage",21.2,"","",0.9,19.5,22.9,4817,"Overall","All Races","All Ages","All Grades","(47.47531977900047, -100.11842104899966)","BEH","100BEH","110CSA","1GEN","8AGE","6RAC","6EDU","BRF20",20
"8893","2012","OH","Ohio","Tobacco Use – Survey Data","Cigarette Use (Adults)","Current Smoking","BRFSS","","%","Percentage",23.3,"","",0.6,22.2,24.4,12645,"Overall","All Races","All Ages","All Grades","(40.06021014100048, -82.40426005599966)","BEH","100BEH","110CSA","1GEN","8AGE","6RAC","6EDU","BRF20",20
"8933","2012","OK","Oklahoma","Tobacco Use – Survey Data","Cigarette Use (Adults)","Current Smoking","BRFSS","","%","Percentage",23.3,"","",0.7,22,24.6,7948,"Overall","All Races","All Ages","All Grades","(35.47203135600046, -97.52107021399968)","BEH","100BEH","110CSA","1GEN","8AGE","6RAC","6EDU","BRF20",20
"8969","2012","OR","Oregon","Tobacco Use – Survey Data","Cigarette Use (Adults)","Current Smoking","BRFSS","","%","Percentage",17.9,"","",0.8,16.4,19.4,5170,"Overall","All Races","All Ages","All Grades","(44.56744942400047, -120.15503132599969)","BEH","100BEH","110CSA","1GEN","8AGE","6RAC","6EDU","BRF20",20
"9006","2012","PA","Pennsylvania","Tobacco Use – Survey Data","Cigarette Use (Adults)","Current Smoking","BRFSS","","%","Percentage",21.4,"","",0.5,20.5,22.3,19621,"Overall","All Races","All Ages","All Grades","(40.79373015200048, -77.86070029399963)","BEH","100BEH","110CSA","1GEN","8AGE","6RAC","6EDU","BRF20",20
"9057","2012","PR","Puerto Rico","Tobacco Use – Survey Data","Cigarette Use (Adults)","Current Smoking","BRFSS","","%","Percentage",12.6,"","",0.5,11.5,13.7,6282,"Overall","All Races","All Ages","All Grades","(18.220833, -66.590149)","BEH","100BEH","110CSA","1GEN","8AGE","6RAC","6EDU","BRF20",20
"9082","2012","RI","Rhode Island","Tobacco Use – Survey Data","Cigarette Use (Adults)","Current Smoking","BRFSS","","%","Percentage",17.4,"","",0.7,16,18.8,5383,"Overall","All Races","All Ages","All Grades","(41.70828019300046, -71.52247031399963)","BEH","100BEH","110CSA","1GEN","8AGE","6RAC","6EDU","BRF20",20
"9126","2012","SC","South Carolina","Tobacco Use – Survey Data","Cigarette Use (Adults)","Current Smoking","BRFSS","","%","Percentage",22.5,"","",0.6,21.3,23.7,12535,"Overall","All Races","All Ages","All Grades","(33.998821303000454, -81.04537120699968)","BEH","100BEH","110CSA","1GEN","8AGE","6RAC","6EDU","BRF20",20
"9161","2012","SD","South Dakota","Tobacco Use – Survey Data","Cigarette Use (Adults)","Current Smoking","BRFSS","","%","Percentage",22,"","",0.8,20.5,23.5,7778,"Overall","All Races","All Ages","All Grades","(44.353130053000484, -100.3735306369997)","BEH","100BEH","110CSA","1GEN","8AGE","6RAC","6EDU","BRF20",20
"9217","2012","TN","Tennessee","Tobacco Use – Survey Data","Cigarette Use (Adults)","Current Smoking","BRFSS","","%","Percentage",24.9,"","",0.8,23.4,26.4,6780,"Overall","All Races","All Ages","All Grades","(35.68094058000048, -85.77449091399967)","BEH","100BEH","110CSA","1GEN","8AGE","6RAC","6EDU","BRF20",20
"9297","2012","UT","Utah","Tobacco Use – Survey Data","Cigarette Use (Adults)","Current Smoking","BRFSS","","%","Percentage",10.6,"","",0.4,9.8,11.4,12203,"Overall","All Races","All Ages","All Grades","(39.360700171000474, -111.58713063499971)","BEH","100BEH","110CSA","1GEN","8AGE","6RAC","6EDU","BRF20",20
"9331","2012","VT","Vermont","Tobacco Use – Survey Data","Cigarette Use (Adults)","Current Smoking","BRFSS","","%","Percentage",16.5,"","",0.7,15.2,17.8,5957,"Overall","All Races","All Ages","All Grades","(43.62538123900049, -72.51764079099962)","BEH","100BEH","110CSA","1GEN","8AGE","6RAC","6EDU","BRF20",20
"9368","2012","VA","Virginia","Tobacco Use – Survey Data","Cigarette Use (Adults)","Current Smoking","BRFSS","","%","Percentage",19,"","",0.7,17.7,20.3,7154,"Overall","All Races","All Ages","All Grades","(37.54268067400045, -78.45789046299967)","BEH","100BEH","110CSA","1GEN","8AGE","6RAC","6EDU","BRF20",20
"9412","2012","WA","Washington","Tobacco Use – Survey Data","Cigarette Use (Adults)","Current Smoking","BRFSS","","%","Percentage",17.2,"","",0.5,16.3,18.1,15173,"Overall","All Races","All Ages","All Grades","(47.52227862900048, -120.47001078999972)","BEH","100BEH","110CSA","1GEN","8AGE","6RAC","6EDU","BRF20",20
"9442","2012","WV","West Virginia","Tobacco Use – Survey Data","Cigarette Use (Adults)","Current Smoking","BRFSS","","%","Percentage",28.2,"","",0.8,26.7,29.7,5390,"Overall","All Races","All Ages","All Grades","(38.66551020200046, -80.71264013499967)","BEH","100BEH","110CSA","1GEN","8AGE","6RAC","6EDU","BRF20",20
"9483","2012","WI","Wisconsin","Tobacco Use – Survey Data","Cigarette Use (Adults)","Current Smoking","BRFSS","","%","Percentage",20.4,"","",0.9,18.7,22.1,5133,"Overall","All Races","All Ages","All Grades","(44.39319117400049, -89.81637074199966)","BEH","100BEH","110CSA","1GEN","8AGE","6RAC","6EDU","BRF20",20
"9528","2012","WY","Wyoming","Tobacco Use – Survey Data","Cigarette Use (Adults)","Current Smoking","BRFSS","","%","Percentage",21.8,"","",1,19.9,23.7,6159,"Overall","All Races","All Ages","All Grades","(43.23554134300048, -108.10983035299967)","BEH","100BEH","110CSA","1GEN","8AGE","6RAC","6EDU","BRF20",20
"9578","2011","AL","Alabama","Tobacco Use – Survey Data","Cigarette Use (Adults)","Current Smoking","BRFSS","","%","Percentage",24.3,"","",0.8,22.8,25.8,7660,"Overall","All Races","All Ages","All Grades","(32.84057112200048, -86.63186076199969)","BEH","100BEH","110CSA","1GEN","8AGE","6RAC","6EDU","BRF20",20
"9600","2011","AK","Alaska","Tobacco Use – Survey Data","Cigarette Use (Adults)","Current Smoking","BRFSS","","%","Percentage",22.9,"","",1,20.9,24.9,3513,"Overall","All Races","All Ages","All Grades","(64.84507995700051, -147.72205903599973)","BEH","100BEH","110CSA","1GEN","8AGE","6RAC","6EDU","BRF20",20
"9650","2011","AZ","Arizona","Tobacco Use – Survey Data","Cigarette Use (Adults)","Current Smoking","BRFSS","","%","Percentage",19.3,"","",1,17.3,21.3,6435,"Overall","All Races","All Ages","All Grades","(34.865970280000454, -111.76381127699972)","BEH","100BEH","110CSA","1GEN","8AGE","6RAC","6EDU","BRF20",20
"9692","2011","AR","Arkansas","Tobacco Use – Survey Data","Cigarette Use (Adults)","Current Smoking","BRFSS","","%","Percentage",27,"","",1.1,24.8,29.2,4714,"Overall","All Races","All Ages","All Grades","(34.74865012400045, -92.27449074299966)","BEH","100BEH","110CSA","1GEN","8AGE","6RAC","6EDU","BRF20",20
"9729","2011","CA","California","Tobacco Use – Survey Data","Cigarette Use (Adults)","Current Smoking","BRFSS","","%","Percentage",13.7,"","",0.4,13,14.4,17985,"Overall","All Races","All Ages","All Grades","(37.63864012300047, -120.99999953799971)","BEH","100BEH","110CSA","1GEN","8AGE","6RAC","6EDU","BRF20",20
"9775","2011","CO","Colorado","Tobacco Use – Survey Data","Cigarette Use (Adults)","Current Smoking","BRFSS","","%","Percentage",18.3,"","",0.6,17.2,19.4,13516,"Overall","All Races","All Ages","All Grades","(38.843840757000464, -106.13361092099967)","BEH","100BEH","110CSA","1GEN","8AGE","6RAC","6EDU","BRF20",20
"9814","2011","CT","Connecticut","Tobacco Use – Survey Data","Cigarette Use (Adults)","Current Smoking","BRFSS","","%","Percentage",17.1,"","",0.7,15.7,18.5,6792,"Overall","All Races","All Ages","All Grades","(41.56266102000046, -72.64984095199964)","BEH","100BEH","110CSA","1GEN","8AGE","6RAC","6EDU","BRF20",20
"9844","2011","DE","Delaware","Tobacco Use – Survey Data","Cigarette Use (Adults)","Current Smoking","BRFSS","","%","Percentage",21.8,"","",1,19.9,23.7,4762,"Overall","All Races","All Ages","All Grades","(39.008830667000495, -75.57774116799965)","BEH","100BEH","110CSA","1GEN","8AGE","6RAC","6EDU","BRF20",20
"9880","2011","DC","District of Columbia","Tobacco Use – Survey Data","Cigarette Use (Adults)","Current Smoking","BRFSS","","%","Percentage",20.8,"","",1,18.8,22.8,4518,"Overall","All Races","All Ages","All Grades","(38.89037138500049, -77.03196112699965)","BEH","100BEH","110CSA","1GEN","8AGE","6RAC","6EDU","BRF20",20
"9932","2011","FL","Florida","Tobacco Use – Survey Data","Cigarette Use (Adults)","Current Smoking","BRFSS","","%","Percentage",19.3,"","",0.6,18.2,20.4,12320,"Overall","All Races","All Ages","All Grades","(28.932040377000476, -81.92896053899966)","BEH","100BEH","110CSA","1GEN","8AGE","6RAC","6EDU","BRF20",20
"9975","2011","GA","Georgia","Tobacco Use – Survey Data","Cigarette Use (Adults)","Current Smoking","BRFSS","","%","Percentage",21.2,"","",0.7,19.9,22.5,9902,"Overall","All Races","All Ages","All Grades","(32.83968109300048, -83.62758034599966)","BEH","100BEH","110CSA","1GEN","8AGE","6RAC","6EDU","BRF20",20
"10015","2011","GU","Guam","Tobacco Use – Survey Data","Cigarette Use (Adults)","Current Smoking","BRFSS","","%","Percentage",30.5,"","",1.4,27.7,33.3,1877,"Overall","All Races","All Ages","All Grades","(13.444304, 144.793731)","BEH","100BEH","110CSA","1GEN","8AGE","6RAC","6EDU","BRF20",20
"10049","2011","HI","Hawaii","Tobacco Use – Survey Data","Cigarette Use (Adults)","Current Smoking","BRFSS","","%","Percentage",16.8,"","",0.7,15.4,18.2,7578,"Overall","All Races","All Ages","All Grades","(21.304850435000446, -157.85774940299973)","BEH","100BEH","110CSA","1GEN","8AGE","6RAC","6EDU","BRF20",20
"10083","2011","ID","Idaho","Tobacco Use – Survey Data","Cigarette Use (Adults)","Current Smoking","BRFSS","","%","Percentage",17.2,"","",0.9,15.5,18.9,6056,"Overall","All Races","All Ages","All Grades","(43.682630005000476, -114.3637300419997)","BEH","100BEH","110CSA","1GEN","8AGE","6RAC","6EDU","BRF20",20
"10128","2011","IL","Illinois","Tobacco Use – Survey Data","Cigarette Use (Adults)","Current Smoking","BRFSS","","%","Percentage",20.9,"","",0.9,19.1,22.7,5473,"Overall","All Races","All Ages","All Grades","(40.48501028300046, -88.99771017799969)","BEH","100BEH","110CSA","1GEN","8AGE","6RAC","6EDU","BRF20",20
"10170","2011","IN","Indiana","Tobacco Use – Survey Data","Cigarette Use (Adults)","Current Smoking","BRFSS","","%","Percentage",25.6,"","",0.7,24.2,27,8444,"Overall","All Races","All Ages","All Grades","(39.766910452000445, -86.14996019399968)","BEH","100BEH","110CSA","1GEN","8AGE","6RAC","6EDU","BRF20",20
"10206","2011","IA","Iowa","Tobacco Use – Survey Data","Cigarette Use (Adults)","Current Smoking","BRFSS","","%","Percentage",20.4,"","",0.6,19.2,21.6,7327,"Overall","All Races","All Ages","All Grades","(42.46940091300047, -93.81649055599968)","BEH","100BEH","110CSA","1GEN","8AGE","6RAC","6EDU","BRF20",20
"10237","2011","KS","Kansas","Tobacco Use – Survey Data","Cigarette Use (Adults)","Current Smoking","BRFSS","","%","Percentage",22,"","",0.4,21.2,22.8,20616,"Overall","All Races","All Ages","All Grades","(38.34774030000045, -98.20078122699965)","BEH","100BEH","110CSA","1GEN","8AGE","6RAC","6EDU","BRF20",20
"10279","2011","KY","Kentucky","Tobacco Use – Survey Data","Cigarette Use (Adults)","Current Smoking","BRFSS","","%","Percentage",29,"","",0.8,27.5,30.5,10827,"Overall","All Races","All Ages","All Grades","(37.645970271000465, -84.77497104799966)","BEH","100BEH","110CSA","1GEN","8AGE","6RAC","6EDU","BRF20",20
"10322","2011","LA","Louisiana","Tobacco Use – Survey Data","Cigarette Use (Adults)","Current Smoking","BRFSS","","%","Percentage",25.7,"","",0.7,24.3,27.1,10897,"Overall","All Races","All Ages","All Grades","(31.31266064400046, -92.44568007099969)","BEH","100BEH","110CSA","1GEN","8AGE","6RAC","6EDU","BRF20",20
"10366","2011","ME","Maine","Tobacco Use – Survey Data","Cigarette Use (Adults)","Current Smoking","BRFSS","","%","Percentage",22.8,"","",0.6,21.7,23.9,13166,"Overall","All Races","All Ages","All Grades","(45.254228894000505, -68.98503133599962)","BEH","100BEH","110CSA","1GEN","8AGE","6RAC","6EDU","BRF20",20
"10398","2011","MD","Maryland","Tobacco Use – Survey Data","Cigarette Use (Adults)","Current Smoking","BRFSS","","%","Percentage",19.1,"","",0.7,17.8,20.4,10061,"Overall","All Races","All Ages","All Grades","(39.29058096400047, -76.60926011099963)","BEH","100BEH","110CSA","1GEN","8AGE","6RAC","6EDU","BRF20",20
"10455","2011","MA","Massachusetts","Tobacco Use – Survey Data","Cigarette Use (Adults)","Current Smoking","BRFSS","","%","Percentage",18.2,"","",0.5,17.3,19.1,22150,"Overall","All Races","All Ages","All Grades","(42.27687047000046, -72.08269067499964)","BEH","100BEH","110CSA","1GEN","8AGE","6RAC","6EDU","BRF20",20
"10488","2011","MI","Michigan","Tobacco Use – Survey Data","Cigarette Use (Adults)","Current Smoking","BRFSS","","%","Percentage",23.3,"","",0.7,22,24.6,11002,"Overall","All Races","All Ages","All Grades","(44.6613195430005, -84.71439026999968)","BEH","100BEH","110CSA","1GEN","8AGE","6RAC","6EDU","BRF20",20
"10518","2011","MN","Minnesota","Tobacco Use – Survey Data","Cigarette Use (Adults)","Current Smoking","BRFSS","","%","Percentage",19.1,"","",0.5,18.1,20.1,15319,"Overall","All Races","All Ages","All Grades","(46.35564873600049, -94.79420050299967)","BEH","100BEH","110CSA","1GEN","8AGE","6RAC","6EDU","BRF20",20
"10565","2011","MS","Mississippi","Tobacco Use – Survey Data","Cigarette Use (Adults)","Current Smoking","BRFSS","","%","Percentage",26,"","",0.7,24.6,27.4,8875,"Overall","All Races","All Ages","All Grades","(32.745510099000455, -89.53803082499968)","BEH","100BEH","110CSA","1GEN","8AGE","6RAC","6EDU","BRF20",20
"10604","2011","MO","Missouri","Tobacco Use – Survey Data","Cigarette Use (Adults)","Current Smoking","BRFSS","","%","Percentage",25,"","",0.8,23.4,26.6,6387,"Overall","All Races","All Ages","All Grades","(38.635790776000476, -92.56630005299968)","BEH","100BEH","110CSA","1GEN","8AGE","6RAC","6EDU","BRF20",20
"10643","2011","MT","Montana","Tobacco Use – Survey Data","Cigarette Use (Adults)","Current Smoking","BRFSS","","%","Percentage",22.1,"","",0.7,20.8,23.4,10225,"Overall","All Races","All Ages","All Grades","(47.06652897200047, -109.42442064499971)","BEH","100BEH","110CSA","1GEN","8AGE","6RAC","6EDU","BRF20",20
"10691","2011","NE","Nebraska","Tobacco Use – Survey Data","Cigarette Use (Adults)","Current Smoking","BRFSS","","%","Percentage",20,"","",0.4,19.3,20.7,25324,"Overall","All Races","All Ages","All Grades","(41.6410409880005, -99.36572062299967)","BEH","100BEH","110CSA","1GEN","8AGE","6RAC","6EDU","BRF20",20
"10732","2011","NV","Nevada","Tobacco Use – Survey Data","Cigarette Use (Adults)","Current Smoking","BRFSS","","%","Percentage",22.9,"","",1,20.9,24.9,5468,"Overall","All Races","All Ages","All Grades","(39.493240390000494, -117.07184056399967)","BEH","100BEH","110CSA","1GEN","8AGE","6RAC","6EDU","BRF20",20
"10769","2011","NH","New Hampshire","Tobacco Use – Survey Data","Cigarette Use (Adults)","Current Smoking","BRFSS","","%","Percentage",19.4,"","",0.7,18,20.8,6327,"Overall","All Races","All Ages","All Grades","(43.65595011300047, -71.50036091999965)","BEH","100BEH","110CSA","1GEN","8AGE","6RAC","6EDU","BRF20",20
"10808","2011","NJ","New Jersey","Tobacco Use – Survey Data","Cigarette Use (Adults)","Current Smoking","BRFSS","","%","Percentage",16.8,"","",0.5,15.9,17.7,15279,"Overall","All Races","All Ages","All Grades","(40.13057004800049, -74.27369128799967)","BEH","100BEH","110CSA","1GEN","8AGE","6RAC","6EDU","BRF20",20
"10854","2011","NM","New Mexico","Tobacco Use – Survey Data","Cigarette Use (Adults)","Current Smoking","BRFSS","","%","Percentage",21.5,"","",0.6,20.3,22.7,9388,"Overall","All Races","All Ages","All Grades","(34.52088095200048, -106.24058098499967)","BEH","100BEH","110CSA","1GEN","8AGE","6RAC","6EDU","BRF20",20
"10888","2011","NY","New York","Tobacco Use – Survey Data","Cigarette Use (Adults)","Current Smoking","BRFSS","","%","Percentage",18.1,"","",0.7,16.8,19.4,7669,"Overall","All Races","All Ages","All Grades","(42.82700103200045, -75.54397042699964)","BEH","100BEH","110CSA","1GEN","8AGE","6RAC","6EDU","BRF20",20
"10928","2011","NC","North Carolina","Tobacco Use – Survey Data","Cigarette Use (Adults)","Current Smoking","BRFSS","","%","Percentage",21.8,"","",0.7,20.5,23.1,11501,"Overall","All Races","All Ages","All Grades","(35.466220975000454, -79.15925046299964)","BEH","100BEH","110CSA","1GEN","8AGE","6RAC","6EDU","BRF20",20
"10976","2011","ND","North Dakota","Tobacco Use – Survey Data","Cigarette Use (Adults)","Current Smoking","BRFSS","","%","Percentage",21.9,"","",0.8,20.3,23.5,5277,"Overall","All Races","All Ages","All Grades","(47.47531977900047, -100.11842104899966)","BEH","100BEH","110CSA","1GEN","8AGE","6RAC","6EDU","BRF20",20
"11006","2011","OH","Ohio","Tobacco Use – Survey Data","Cigarette Use (Adults)","Current Smoking","BRFSS","","%","Percentage",25.1,"","",0.7,23.8,26.4,9883,"Overall","All Races","All Ages","All Grades","(40.06021014100048, -82.40426005599966)","BEH","100BEH","110CSA","1GEN","8AGE","6RAC","6EDU","BRF20",20
"11055","2011","OK","Oklahoma","Tobacco Use – Survey Data","Cigarette Use (Adults)","Current Smoking","BRFSS","","%","Percentage",26.1,"","",0.7,24.7,27.5,8508,"Overall","All Races","All Ages","All Grades","(35.47203135600046, -97.52107021399968)","BEH","100BEH","110CSA","1GEN","8AGE","6RAC","6EDU","BRF20",20
"11085","2011","OR","Oregon","Tobacco Use – Survey Data","Cigarette Use (Adults)","Current Smoking","BRFSS","","%","Percentage",19.7,"","",0.8,18.2,21.2,6217,"Overall","All Races","All Ages","All Grades","(44.56744942400047, -120.15503132599969)","BEH","100BEH","110CSA","1GEN","8AGE","6RAC","6EDU","BRF20",20
"11134","2011","PA","Pennsylvania","Tobacco Use – Survey Data","Cigarette Use (Adults)","Current Smoking","BRFSS","","%","Percentage",22.4,"","",0.6,21.3,23.5,11428,"Overall","All Races","All Ages","All Grades","(40.79373015200048, -77.86070029399963)","BEH","100BEH","110CSA","1GEN","8AGE","6RAC","6EDU","BRF20",20
"11164","2011","PR","Puerto Rico","Tobacco Use – Survey Data","Cigarette Use (Adults)","Current Smoking","BRFSS","","%","Percentage",14.8,"","",0.6,13.6,16,6607,"Overall","All Races","All Ages","All Grades","(18.220833, -66.590149)","BEH","100BEH","110CSA","1GEN","8AGE","6RAC","6EDU","BRF20",20
"11209","2011","RI","Rhode Island","Tobacco Use – Survey Data","Cigarette Use (Adults)","Current Smoking","BRFSS","","%","Percentage",20,"","",0.8,18.5,21.5,6492,"Overall","All Races","All Ages","All Grades","(41.70828019300046, -71.52247031399963)","BEH","100BEH","110CSA","1GEN","8AGE","6RAC","6EDU","BRF20",20
"11243","2011","SC","South Carolina","Tobacco Use – Survey Data","Cigarette Use (Adults)","Current Smoking","BRFSS","","%","Percentage",23.1,"","",0.6,21.9,24.3,12863,"Overall","All Races","All Ages","All Grades","(33.998821303000454, -81.04537120699968)","BEH","100BEH","110CSA","1GEN","8AGE","6RAC","6EDU","BRF20",20
"11289","2011","SD","South Dakota","Tobacco Use – Survey Data","Cigarette Use (Adults)","Current Smoking","BRFSS","","%","Percentage",23,"","",1,21.1,24.9,8230,"Overall","All Races","All Ages","All Grades","(44.353130053000484, -100.3735306369997)","BEH","100BEH","110CSA","1GEN","8AGE","6RAC","6EDU","BRF20",20
"11332","2011","TN","Tennessee","Tobacco Use – Survey Data","Cigarette Use (Adults)","Current Smoking","BRFSS","","%","Percentage",23,"","",1.2,20.6,25.4,5893,"Overall","All Races","All Ages","All Grades","(35.68094058000048, -85.77449091399967)","BEH","100BEH","110CSA","1GEN","8AGE","6RAC","6EDU","BRF20",20
"11366","2011","TX","Texas","Tobacco Use – Survey Data","Cigarette Use (Adults)","Current Smoking","BRFSS","","%","Percentage",19.2,"","",0.6,18,20.4,14864,"Overall","All Races","All Ages","All Grades","(31.827240407000488, -99.42677020599967)","BEH","100BEH","110CSA","1GEN","8AGE","6RAC","6EDU","BRF20",20
"11419","2011","UT","Utah","Tobacco Use – Survey Data","Cigarette Use (Adults)","Current Smoking","BRFSS","","%","Percentage",11.8,"","",0.4,11,12.6,12623,"Overall","All Races","All Ages","All Grades","(39.360700171000474, -111.58713063499971)","BEH","100BEH","110CSA","1GEN","8AGE","6RAC","6EDU","BRF20",20
"11443","2011","VT","Vermont","Tobacco Use – Survey Data","Cigarette Use (Adults)","Current Smoking","BRFSS","","%","Percentage",19.1,"","",0.7,17.7,20.5,7053,"Overall","All Races","All Ages","All Grades","(43.62538123900049, -72.51764079099962)","BEH","100BEH","110CSA","1GEN","8AGE","6RAC","6EDU","BRF20",20
"11489","2011","VA","Virginia","Tobacco Use – Survey Data","Cigarette Use (Adults)","Current Smoking","BRFSS","","%","Percentage",20.9,"","",0.8,19.3,22.5,6562,"Overall","All Races","All Ages","All Grades","(37.54268067400045, -78.45789046299967)","BEH","100BEH","110CSA","1GEN","8AGE","6RAC","6EDU","BRF20",20
"11530","2011","WA","Washington","Tobacco Use – Survey Data","Cigarette Use (Adults)","Current Smoking","BRFSS","","%","Percentage",17.5,"","",0.6,16.4,18.6,14683,"Overall","All Races","All Ages","All Grades","(47.52227862900048, -120.47001078999972)","BEH","100BEH","110CSA","1GEN","8AGE","6RAC","6EDU","BRF20",20
"11573","2011","WV","West Virginia","Tobacco Use – Survey Data","Cigarette Use (Adults)","Current Smoking","BRFSS","","%","Percentage",28.6,"","",0.8,27,30.2,5263,"Overall","All Races","All Ages","All Grades","(38.66551020200046, -80.71264013499967)","BEH","100BEH","110CSA","1GEN","8AGE","6RAC","6EDU","BRF20",20
"11616","2011","WI","Wisconsin","Tobacco Use – Survey Data","Cigarette Use (Adults)","Current Smoking","BRFSS","","%","Percentage",20.9,"","",0.9,19.1,22.7,5286,"Overall","All Races","All Ages","All Grades","(44.39319117400049, -89.81637074199966)","BEH","100BEH","110CSA","1GEN","8AGE","6RAC","6EDU","BRF20",20
"11644","2011","WY","Wyoming","Tobacco Use – Survey Data","Cigarette Use (Adults)","Current Smoking","BRFSS","","%","Percentage",23,"","",0.8,21.5,24.5,6840,"Overall","All Races","All Ages","All Grades","(43.23554134300048, -108.10983035299967)","BEH","100BEH","110CSA","1GEN","8AGE","6RAC","6EDU","BRF20",20
